char,code
一,30.30
乙,32.70
丁,31.00
七,10.70
乃,32.50
九,91.70
了,32.00
二,30.30
人,81.81
入,81.81
八,80.80
几,42.70
刀,50.50
刁,50.50
力,91.50
匕,21A.70
十,10.10
卜,22.22
又,32.82
三,30.30
下,31.22
丈,12.82
上,21A.30
丫,80.22
丸,91.70
凡,42.70
久,92.80
么,91.93
也,22.70
乞,92.63
于,31.00
亡,60.21
兀,31.70
刃,50.50
勺,92.50
千,90.10
叉,32.82
口,40.40
土,11.11
士,11.11
夕,92.30
大,12.81
女,93.93
子,32.00
孑,32.00
孓,32.00
寸,10.00
小,22.01
尸,52.91
山,21.21
川,22.22
工,31.30
己,52.70
已,52.70
巳,52.70
巾,22.22
干,31.10
弋,71.71
弓,50.50
才,10.00
丑,50.30
丐,31.50
不,31.22
中,22.22
丰,10.10
丹,42.42
之,63.83
尹,52.91
予,32.00
云,30.93
井,20.20
互,31.30
五,31.30
亢,60.70
仁,91A.30-3
什,91A.10-1
仃,91A.00-3
仆,91A.22-2
仇,91A.70-9
仍,91A.50-3
今,81.32
介,81.22
仄,51A.81-8
元,30.70
允,93.63
內,81.42
六,60.80
兮,80.50
公,80.93
凶,21.21
分,80.50
切,10S.50-5
刈,82S.00-2
勻,92.50
勾,92.50
勿,92.50
化,91A.70-2
匹,51.21-9
午,92.02
升,90.20
卅,22.22
卞,60.22
厄,51A.70-5
友,12.82
及,32.82
反,90.82
壬,90.11
天,31.81
夫,12.81
太,12.81
夭,90.81
孔,32S.70-2
少,22.91
尤,12.70
尺,52A.83-5
屯,10.70
巴,52.70
幻,93S.22-9
廿,20.21
弔,50.22
引,50A.22-2
心,72.72
戈,71.71
戶,63.91
手,90.00
扎,10A.70-2
支,10.82
文,60.82
斗,63.10
斤,90.22
方,60.50
日,41.41
曰,41.41
月,42.42
木,10.01
欠,92.81
止,21A.30
歹,31.32
毋,41.50
比,21S.70-2
毛,90.70
氏,90.71
水,22.02
火,91.81
爪,90.83
父,80.82
爻,82.82
片,91.22
牙,51.00
牛,10.10
犬,12.81
王,31.11
丙,31.42
世,21.21
丕,31.30
且,42.30
丘,90.30
主,60.11
乍,92.21
乏,90.83
乎,90.00
以,21S.81-8
付,91A.00-1
仔,91A.00-3
仕,91A.11-1
他,91A.70-2
仗,91A.82-1
代,91A.71-7
令,81.63
仙,91A.21-2
仞,91A.50-5
充,60.70
兄,40.70
冉,22.42
冊,42.42
冬,92.50
凹,40.40
出,21.21
凸,40.40
刊,90S.00-2
加,91S.40-1
功,31S.50-9
包,92.70
北,22.70
匝,51.21-2
仟,91A.10-9
半,22.10
卉,10.20
卡,21A.22
占,21A.40
卯,90S.22-5
卮,90.70
去,11.93
可,31.00
古,10.40
右,12.40
召,50.40
叮,40A.00-3
叩,40A.22-5
叨,40A.50-5
叼,40A.50-5
司,50.50
叵,51.21-4
叫,40A.10-2
另,40.50
只,40.80
史,91.82
叱,40A.70-2
台,93.30
句,92.50
叭,40A.80-8
四,41.41-8
囚,41.41-8
外,92S.21-5
央,91.81
失,12.81
奴,93A.82-2
孕,32.00
它,62.70-2
尼,52A.70-2
巨,51.21-5
巧,31S.50-3
左,12.30
市,60.22
布,12.22
平,31.10
幼,93S.50-5
弁,93.10
弘,50A.93-9
弗,22.22
必,72.72
戊,71.71
打,10A.00-3
扔,10A.50-3
扒,10A.80-8
扑,10A.22-2
斥,90.22
旦,41.30
朮,10.01
本,10.10
未,10.01
末,10.01
札,10B.70-2
正,31.30
母,41.50
民,52.71
永,63.02
汁,63A.10-1
汀,63A.00-3
氾,63A.70-5
犯,91C.70-2
玄,60.93
玉,31.11
瓜,90.83
瓦,31.70
甘,20.14
生,10.11
用,42.42
甩,42.70
田,41.41-1
由,22.41
甲,41.22
申,22.22
疋,32.83
白,91.41
皮,22.82
皿,42.30
目,41.41
矛,32.00
矢,92.81
石,31.40
示,30.01
禾,90.01
穴,62.80-8
立,60.30
丞,32.30
丟,90.93
乒,90.91
乓,90.63
乩,21S.70-7
亙,31.30
交,60.82
亦,60.00
亥,60.81
仿,91A.50-6
伉,91A.70-6
伙,91A.81-9
伊,91A.83-4
伕,91A.81-1
伍,91A.30-3
伐,91A.71-7
休,91A.01-1
伏,91A.81-1
仲,91A.22-2
件,91A.10-1
任,91A.11-9
仰,91A.22-9
仳,91A.70-2
份,91A.50-8
企,81.30
光,22.70
兇,21.70
兆,22.70
先,10.70
全,81.11
共,20.80
再,31.42
冰,63A.02-2
列,31S.00-2
刑,31S.00-2
划,71S.00-2
刎,92C.83-1
刖,42A.00-2
劣,22.50
匈,92.50
匡,51.21-3
匠,51.21-9
印,90S.22-5
危,92.70
吉,11.40
同,42.42
吊,40.22
吐,40A.11-1
吁,40A.00-3
各,92.40
向,91.42
名,92.32
合,81.40
吃,40A.70-9
后,90.40
吒,40A.70-6
因,41.41-1
回,41.41-4
囝,41.41-3
圳,11A.22-9
地,11A.70-2
在,12.11
圭,11.11
圬,11A.50-3
圯,11A.70-5
圩,11A.00-3
夙,42.70
多,92.32
夷,12.81
夸,12.50
妄,60.93
奸,93A.10-2
妃,93A.70-2
好,93.93
她,93A.70-2
如,93A.40-3
妁,93A.50-9
字,62.00-3
存,12.00
宇,62.00-3
守,62.00-1
宅,62.70-9
安,62.93-9
寺,11.00
尖,22.81
屹,21B.70-9
州,22.22
帆,22B.70-4
并,80.20
年,92.10
式,71.71
弛,50A.70-2
忙,22A.21-6
忖,22A.00-1
戎,71.71
戌,71.71
戍,71.71
成,71.71
扣,10A.40-4
扛,10A.30-3
托,10A.70-9
收,22S.82-9
早,41.10
旨,21A.41
旬,92.50
旭,91.70
曲,22.41
曳,71.71
有,12.42
朽,10B.50-3
朴,10B.22-2
朱,10.01
朵,32.01
次,63A.81-9
此,21S.70-2
死,31.70
氖,92.70
汝,63A.93-9
汗,63A.10-3
汙,63A.00-3
江,63A.30-3
池,63A.70-2
汐,63A.32-9
汕,63A.21-2
污,63A.50-3
汛,63A.70-3
汍,63A.70-9
汎,63A.70-4
灰,12.81
牟,93.02
牝,10C.70-2
百,31.41
竹,92S.00-8
米,22.01
缶,92.20
羊,80.10
羽,50S.50-5
老,11.70
考,11.50
而,31.42
耒,10.01
耳,31.10
聿,22.10
肉,81.42
肋,42A.50-9
肌,42A.70-4
臣,51.21-2
自,91.41
至,31.11
臼,90.21
舌,90.40
舛,92S.02-8
色,92.70
艾,20A.82-8
虫,22.93
血,91.30
行,91B.00-2
衣,60.02
西,31.41
阡,32A.10-9
串,22.22
亨,60.00
位,91A.30-6
住,91A.11-6
佇,91A.00-6
佗,91A.70-6
佞,91A.93-2
伴,91A.10-2
佛,91A.22-2
何,91A.00-3
估,91A.40-1
佐,91A.30-1
佑,91A.40-1
伽,91A.40-9
伺,91A.50-5
伸,91A.22-2
佃,91A.41-4
佔,91A.40-2
似,91A.81-2
但,91A.30-4
佣,91A.42-4
作,91A.22-9
你,91A.01-9
伯,91A.41-9
低,91A.71-9
伶,91A.63-8
余,81.01
佝,91A.50-9
佈,91A.22-1
佚,91A.81-1
兌,80.70
克,10.70
免,50.70
兵,90.80
冶,63A.40-9
冷,63A.63-8
別,40S.00-2
判,91S.00-1
利,90A.00-2
刪,42S.00-2
刨,92S.00-2
劫,11S.00-2
助,41S.50-9
努,93.50
劬,92S.42-9
匣,51.21-4
即,52S.22-5
卵,90S.22-5
吝,60.40
吭,40A.70-6
吞,90.40
吾,31.40
否,31.40
吧,40A.70-5
呆,40.01
呃,40A.70-5
吳,40.81
呈,40.11
呂,40.40
君,52.40
吩,40A.50-8
告,10.40
吹,40A.81-9
吻,40A.50-9
吸,40A.82-3
吮,40A.70-9
吵,40A.91-2
吶,40A.42-8
吠,40A.81-1
吼,40A.70-3
呀,40A.00-5
吱,40A.82-1
含,81.40
吟,40A.32-8
困,41.41-1
囤,41.41-1
囫,41.41-9
坊,11A.50-6
坑,11A.70-6
址,11A.30-2
坍,11A.42-4
均,11A.50-9
坎,11A.81-9
圾,11A.82-3
坐,22.11
壯,21S.11-1
夾,12.81
妝,21S.93-9
妒,93A.40-1
妨,93A.50-5
妣,93A.70-1
妙,93A.82-9
妖,93A.81-6
妍,93A.11-9
妓,93A.81-9
妊,93A.11-4
妥,90.93
孝,11.00
孜,32S.82-9
孚,90.00
孛,10.00
完,62.70-3
宏,62.93-1
尬,12.70
局,52A.50-5
屁,52A.70-2
尿,52A.02-2
尾,52A.70-9
岐,21B.82-1
岑,21.32
岔,80.21
岌,21.82
巫,31.30
希,82.22
序,61.00-3
庇,61.70-2
床,21S.01-1
廷,90.83
弄,31.20
弟,80.22
彤,42S.91-9
形,31S.91-9
彷,91B.42-6
役,91B.82-2
忘,60.72
忌,50.72
志,11.72
忍,50.72
忱,22A.70-9
快,22A.81-9
忸,22A.30-5
忪,22A.93-8
戒,71.71
我,90.71
抄,10A.91-2
抗,10A.70-6
抖,10A.10-1
技,10A.82-1
扶,10A.81-1
抉,10A.81-9
扭,10A.30-5
把,10A.70-5
扼,10A.70-5
找,10A.71-7
批,10A.70-2
扳,10A.82-9
抒,10A.00-3
扯,10A.30-2
折,10A.22-9
扮,10A.50-8
投,10A.82-4
抓,10A.83-9
抑,10A.22-9
抆,10A.82-6
改,52S.82-9
攻,31S.82-9
攸,91A.82-9
旱,41.10
更,31.82
束,10.01
李,10.00
杏,10.40
材,10B.00-1
村,10B.00-1
杜,10B.11-1
杖,10B.82-1
杞,10B.70-5
杉,10B.91-9
杆,10B.10-3
杠,10B.30-3
杓,10B.50-9
步,21A.91
每,92.42
求,10.02
汞,31.02
沙,63A.91-2
沁,63A.72-6
沈,63A.70-9
沉,63A.70-6
沅,63A.70-3
沛,63A.22-6
汪,63A.11-3
決,63A.81-9
沐,63A.01-1
汰,63A.81-1
沌,63A.70-1
沖,63A.22-2
沒,63A.82-9
汽,63A.70-9
沃,63A.81-9
汲,63A.82-3
汾,63A.50-8
汴,63A.22-6
沆,63A.70-6
汶,63A.82-6
沍,63A.30-3
沔,63A.50-3
沂,63A.22-9
灶,91D.11-1
灼,91D.50-6
災,93.81
灸,92.81
牢,62.10-1
牡,10C.11-1
牠,10C.70-2
狄,91C.81-6
狂,91C.11-2
玖,31A.81-9
甬,32.42
甫,10.42
男,41.50
甸,92.50
皂,91.70
矣,93.80
私,90A.93-9
秀,90.50
禿,90.70
究,62A.70-9
系,90.01
罕,62.10-8
肖,22.42
肓,60.42
肝,42A.10-3
肘,42A.00-1
肛,42A.30-3
肚,42A.11-1
育,60.42
良,63.02
芒,20A.21-6
芋,20A.00-3
芍,20A.50-9
見,41.70
角,92.41
言,60.40
谷,80.40
豆,30.30
貝,41.80
赤,11.00
走,11.83
足,40.83
身,91.00
車,10.10
辛,60.10
辰,51A.02-3
迂,31.83
迆,22.83
迅,32.83
迄,92.83
巡,93.83
邑,40.70
邢,31S.22-3
邪,51S.22-3
邦,10S.22-3
那,50S.22-3
酉,31.41
里,41.11
防,32A.50-6
阮,32A.70-3
阱,32A.20-9
阪,32A.82-9
阬,32A.70-6
並,80.30
乖,90.22
乳,90S.70-2
事,10.00
些,21A.30
亞,31.30
享,60.00
京,60.01
佯,91A.10-8
依,91A.02-6
侍,91A.00-1
佳,91A.11-1
使,91A.82-1
供,91A.80-2
例,91A.00-3
來,10.01
侃,91A.70-4
佰,91A.41-3
併,91A.20-9
侈,91A.32-9
佩,91A.70-4
佻,91A.70-2
佾,91A.42-8
侏,91A.01-1
侑,91A.42-1
兔,50.70
兒,90.70
兕,40.70
兩,31.42
具,41.80
其,20.80
典,22.80
冽,63A.00-3
函,31.21
刻,60S.00-2
券,12.50
刷,52S.00-2
刺,10S.00-2
到,31S.00-2
刮,90S.00-2
制,10S.00-2
剁,32S.00-2
劾,60S.50-9
劻,51S.50-9
卒,60.10
協,10S.50-9
卓,21A.10
卑,91.10
卦,11S.22-2
卷,12.70
卸,92S.22-3
卹,91S.22-5
取,31S.82-3
叔,21S.82-3
受,90.82
味,40A.01-1
呵,40A.00-3
咖,40A.40-9
呸,40A.30-3
咕,40A.40-1
咀,40A.30-4
呻,40A.22-2
呷,40A.22-4
咄,40A.21-2
咒,40.70
咆,40A.70-9
呼,40A.00-9
咐,40A.00-9
呱,40A.83-9
呶,40A.82-9
和,90A.40-4
咚,40A.63-9
呢,40A.70-5
周,42.42
咋,40A.22-9
命,81.22
咎,92.40
固,41.41-1
垃,11A.30-6
坷,11A.00-3
坪,11A.10-3
坩,11A.41-2
坡,11A.82-2
坦,11A.30-4
坤,11A.22-2
夜,60.83
奉,12.10
奇,12.00
奈,12.01
奄,12.70
奔,12.20
妾,60.93
妻,10.93
委,90.93
妹,93A.00-8
妮,93A.70-5
姑,93A.32-8
姆,93A.50-3
姐,93A.30-4
姍,93A.42-4
始,93A.40-4
姓,93A.10-9
姊,93A.22-2
妯,93A.41-1
妳,93A.01-3
姒,93A.81-1
孟,32.30
孤,32S.83-9
季,90.00
宗,62.01-3
定,62.83-3
官,62.40-4
宜,62.30-4
宙,62.41-2
宛,62.70-9
尚,22.42
屈,52A.21-2
居,52A.40-1
屆,52A.21-1
岷,21B.71-5
岡,42.42
岸,21.10
岩,21.40
岫,21B.41-2
岱,91.21
岳,90.21
帘,62A.22-2
帚,50.22
帖,22B.40-2
帕,22B.41-9
帛,91.22
帑,93.21
幸,11.10
庚,61.81-9
店,61.40-2
府,61.00-9
底,61.71-9
庖,61.70-9
延,90.83
弦,50A.93-6
弧,50A.83-9
弩,93.42
往,91B.10-8
征,91B.22-9
彿,91B.21-9
彼,91B.82-2
忝,90.02
忠,22.72
忽,92.70
念,81.72
忿,80.72
怏,22A.81-9
怔,22A.30-3
怯,22A.93-1
怵,22A.01-1
怖,22A.22-1
怪,22A.11-3
怕,22A.41-9
怡,22A.40-9
性,22A.11-1
怩,22A.70-5
怫,22A.22-2
怛,22A.30-4
或,71.71
戕,21S.71-7
房,63D.50-6
戾,63D.81-1
所,90S.22-9
承,32.00
拉,10A.30-6
拌,10A.10-2
拄,10A.11-6
抿,10A.71-5
拂,10A.22-2
抹,10A.01-1
拒,10A.21-5
招,10A.40-5
披,10A.82-2
拓,10A.40-3
拔,10A.82-1
拋,10A.70-1
拈,10A.40-2
抨,10A.10-3
抽,10A.41-2
押,10A.22-4
拐,10A.50-4
拙,10A.21-2
拇,10A.50-4
拍,10A.41-9
抵,10A.71-9
拚,10A.20-9
抱,10A.70-9
拘,10A.50-9
拖,10A.70-9
拗,10A.50-9
拆,10A.22-9
抬,10A.11-1
拎,10A.63-8
放,60S.82-9
斧,80.22
於,60S.63-8
旺,41A.11-3
昔,20.41
易,41.50
昌,41.41
昂,41.22
明,41A.42-4
昏,90.41
昕,41A.22-9
昊,41.81
昇,41.20
服,42A.82-5
朋,42A.42-4
杭,10B.70-6
枋,10B.50-6
枕,10B.70-9
東,10.01
果,20A.01-4
杳,10.41
杷,10B.70-5
枇,10B.70-2
枝,10B.82-1
林,10B.01-1
杯,10B.22-3
杰,10.63
板,10B.82-9
枉,10B.11-3
松,10B.93-8
析,10B.22-9
杵,10B.10-9
枚,10B.82-9
杼,10B.00-3
杪,10B.91-2
欣,90S.81-9
武,71.71
歧,21S82-1
歿,31S.82-9
氓,60S.71-5
氛,92.70
泣,63A.30-6
注,63A.11-6
泳,63A.02-6
沱,63A.70-6
泌,63A.72-6
泥,63A.70-5
河,63A.00-3
沽,63A.40-1
沾,63A.40-2
沼,63A.40-5
波,63A.82-2
沫,63A.01-1
法,63A.93-1
泓,63A.93-5
沸,63A.22-2
泄,63A.21-2
油,63A.41-2
況,63A.70-4
沮,63A.30-4
泗,63A.41-4
泅,63A.41-4
泱,63A.81-9
沿,63A.40-4
治,63A.40-9
泡,63A.70-9
泛,63A.83-9
泊,63A.41-9
沬,63A.01-1
泯,63A.71-5
泠,63A.63-8
炕,91D.70-4
炎,91.81
炒,91D.83-8
炊,91D.81-9
炙,92.81
爬,90.83
爭,90.00
爸,80.70
版,91S.82-9
牧,10C.82-9
物,10C.50-9
狀,21S.81-1
狎,91C.22-2
狙,91C.30-3
狗,91C.50-4
狐,91C.82-9
玩,31A.70-3
玨,31A.11-3
玫,31A.82-9
疝,61A.21-2
疙,61A.70-9
疚,61A.81-9
的,91S.50-6
盂,31.30
盲,60.41
直,10.30
知,92S.32-9
矽,31B.32-9
社,63B.11-1
祀,63B.70-5
祁,63B.22-3
秉,90.01
秈,90A.21-2
空,62A.30-3
穹,62A.50-5
竺,92A.30-2
糾,93B.22-1
罔,42.42
羌,80.70
羋,20A.10-1
者,11.41
肺,42A.22-6
肥,42A.70-5
肢,42A.82-1
肱,42A.93-1
股,42A.82-4
肫,42A.70-1
肩,63D.42-4
肴,82.42
肪,42A.50-6
肯,21A.42
臥,51S.22-2
臾,91.81
舍,81.40
芳,20A.50-6
芝,20A.83-6
芙,20A.81-1
芭,20A.70-5
芽,20A.00-5
芟,20A.82-4
芹,20A.22-9
花,20A.70-9
芬,20A.50-8
芥,20A.22-8
芯,20A.72-6
芸,20A.93-3
芣,20A.22-3
芾,20A.22-6
芷,20A.30-2
虎,21A.70
虱,32.70
初,63C.50-5
表,10.02
軋,10D.70-2
迎,90.83
返,90.83
近,90.83
邵,50S.22-3
邸,90S.22-3
邱,90S.22-3
采,90.01
金,81.30
長,51.02
門,52B.00-5
阜,91.10
陀,32A.70-6
阿,32A.00-3
阻,32A.30-4
附,32A.00-9
陂,32A.82-2
隹,91A.11-6
雨,31.42
青,10.42
非,22.22
亟,32.30
亭,60.00
亮,60.70
信,91A.40-6
侵,91A.82-4
侯,91A.81-3
便,91A.82-2
俠,91A.81-1
俑,91A.42-3
俏,91A.42-2
保,91A.01-4
促,91A.83-2
侶,91A.40-4
俘,91A.00-9
俟,91A.81-9
俊,91A.82-9
俗,91A.40-8
侮,91A.50-9
俐,91A.00-9
俄,91A.71-9
係,91A.01-9
俚,91A.11-4
俎,81S.30-4
俞,81.00
侷,91A.50-5
兗,60.70
冒,41.41
冑,22.42
冠,62.70-3
剎,82S.00-2
剃,80S.00-2
削,22S.00-2
前,80.00
剌,10S.00-2
剋,10.70
則,41C.00-2
勇,32.50
勉,92.70
勃,10S.50-9
勁,31S.50-9
匍,92.50
南,10.02
卻,11A.22-5
厚,51A.00-4
叛,91S.82-9
咬,40A.82-6
哀,60.02
咨,63.40
哎,40A.82-2
哉,11.71
咸,71.71
咦,40A.81-1
咳,40A.81-6
哇,40A.11-1
哂,40A.41-3
咽,40A.41-4
咪,40A.01-2
品,40.40
哄,40A.80-2
哈,40A.40-8
咯,40A.40-9
咫,52A.83-4
咱,40A.41-9
咻,40A.01-9
咧,40A.00-3
咿,40A.91-9
囿,41.41-1
垂,90.11
型,31.11
垠,11A.02-5
垣,11A.30-3
垢,11A.40-9
城,11A.71-7
垮,11A.50-1
垓,11A.81-6
奕,60.81
契,10.81
奏,12.81
奎,12.11
奐,92.81
姜,80.93
姘,93A.20-8
姿,63.93
姣,93A.82-4
姨,93A.80-6
娃,93A.11-1
姥,93A.63-9
姪,93A.11-1
姚,93A.70-2
姦,93.93
威,71.71
姻,93A.41-4
孩,32S.81-6
宣,62.30-3
宦,62.21-5
室,62.11-3
客,62.40-9
宥,62.42-1
封,11S.00-1
屎,52A.01-2
屏,52A.20-9
屍,52A.70-3
屋,52A.11-3
峙,21B.00-1
峒,21B.42-4
巷,20.70
帝,60.22
帥,91S.21-9
幽,21.21
庠,61.10-8
度,61.82-2
建,22.83
弈,60.20
弭,50A.10-3
彥,60.91
很,91B.01-8
待,91B.00-1
徊,91B.30-4
律,91B.02-5
徇,91B.50-6
後,91B.82-9
徉,91B.10-2
怒,93.72
思,41.72
怠,93.71
急,92.72
怎,92.72
怨,92.72
恍,22A.70-2
恰,22A.40-8
恨,22A.02-5
恢,22A.81-1
恆,22A.30-3
恃,22A.00-1
恬,22A.40-9
恫,22A.42-4
恪,22A.40-9
恤,22A.30-9
扁,63D.42-4
拜,90S.10-3
挖,10A.70-6
按,10A.93-6
拼,10A.20-9
拭,10A.71-7
持,10A.00-1
拮,10A.40-1
拽,10A.71-7
指,10A.41-2
拱,10A.80-2
拷,10A.50-1
拯,10A.30-3
括,10A.40-9
拾,10A.40-8
拴,10A.11-8
挑,10A.70-2
政,31S.82-9
故,10S.82-9
斫,31B.22-9
施,60S.70-9
既,52S.70-5
春,12.41
昭,41A.40-5
映,41A.81-9
昧,41A.01-1
是,41.83
星,41.11
昨,41A.22-9
昱,41.30
曷,41.50
柿,10B.22-6
染,63.01
柱,10B.11-6
柔,32.01
某,20.01
柬,10.01
架,91.01
枯,10B.40-1
柵,10B.42-4
柩,10B.21-5
柯,10B.00-3
柄,10B.42-3
柑,10B41-2
枴,10B.50-4
柚,10B.41-2
查,10.30
枸,10B.50-9
柏,10B.41-9
柞,10B.22-9
柳,10B.22-9
枰,10B.10-3
柙,10B.22-4
柢,10B.71-9
柝,10B.22-9
柒,63.01
歪,31.30
殃,31S.81-9
殆,31S.40-9
段,90S.82-4
毒,10.50
毗,41S.70-2
氟,92.70
洋,63A.10-8
洲,63A.22-2
洪,63A.80-2
流,63A.70-6
津,63A.10-2
洌,63A.00-3
洱,63A.10-3
洞,63A.42-4
洗,63A.70-1
派,63A.02-9
洶,63A.50-9
洛,63A.40-9
泵,31.02
洹,63A.30-3
洧,63A.42-1
洩,63A.71-7
洮,63A.70-2
洵,63A.50-9
洎,63A.41-9
洫,63A.30-9
炫,91D.93-2
為,91.50
炳,91D.41-9
炬,91D.11-9
炯,91D.42-3
炭,21.81
炸,91D.22-9
炮,91D.70-6
炤,91D.40-3
爰,90.82
牲,10C.11-1
牯,10C.40-1
牴,10C.71-9
狩,91C.00-1
狠,91C.02-4
狡,91C.82-2
玷,31A.40-2
珊,31A.42-4
玻,31A.82-2
玲,31A.63-8
珍,31A.91-8
珀,31A.41-9
玳,31A.71-9
甚,20.21
甭,31.42
畏,41.02
界,41.22
畎,41S.81-1
畋,41S.82-9
疫,61A.82-4
疤,61A.70-5
疥,61A.22-8
疣,61A.70-1
癸,32.81
皆,21A.41
皇,91.11
皈,91S.82-6
盈,32.30
盆,80.30
盃,31.30
盅,22.30
省,22.41
盹,41B.70-1
相,10B.41-4
眉,52.41
看,90.41
盾,90.41
盼,41B.50-8
眇,41B.91-2
矜,32S.32-8
砂,31B.91-2
研,31B.20-3
砌,31B.50-1
砍,31B.81-9
祆,63B.81-3
祉,63B.30-2
祈,63B.22-9
祇,63B.71-9
禹,90.42
禺,41.42
科,90A.10-1
秒,90A.91-2
秋,90A.81-9
穿,62A.00-5
突,62A.81-1
竿,92A.10-2
竽,92A.00-1
籽,22C.00-3
紂,93A.93-6
紅,93B.30-3
紀,93B.70-4
紉,93B.50-1
紇,93B.70-9
約,93B.50-8
紆,93B.00-1
缸,92S.30-2
美,80.81
羿,50.20
耄,11.70
耐,31S.00-1
耍,31.93
耑,21.42
耶,31S.22-3
胖,42A.10-2
胥,32.42
胚,42A.30-3
胃,41.42
背,22.42
胡,10S.42-4
胛,42A.22-4
胎,42A.40-9
胞,42A.70-9
胤,91S.70-6
胝,42A.71-9
致,31S.82-9
舢,91S.11-6
苧,20A.00-6
范,20A.70-6
茅,20A.00-3
苣,20A.21-5
苛,20A.00-3
苦,20A.40-1
茄,20A.40-9
若,20A.40-1
茂,20A.71-7
茉,20A.01-1
苒,20A.42-2
苗,20A.41-4
英,20A.81-9
茁,20A.21-2
苜,20A.41-4
苔,20A.40-9
苑,20A.70-9
苞,20A.70-9
苟,20A.50-9
苯,20A.10-1
茆,20A.22-9
虐,21A.21
虹,22D.30-3
虻,22D.21-6
虺,31.70
衍,91B.00-6
衫,63C.91-9
要,31.93
觔,92B.50-4
計,60A.10-1
訂,60A.00-3
訃,60A.22-2
貞,21A.80
負,92.80
赴,11.83
趴,40B.80-8
軍,62.10-1
軌,10D.70-9
述,10.83
迦,91.83
迢,50.83
迪,22.83
迥,42.83
迭,12.83
迫,91.83
迤,92.83
迨,93.83
郊,60S.22-3
郎,63S.22-3
郁,12S.22-3
酋,80.41
酊,31C.00-3
重,90.11
閂,52B.00-3
限,32A.02-5
陋,32A.21-3
陌,32A.41-3
降,32A.10-9
面,31.41
革,20.10
韋,22.10
韭,20A.30-2
音,60.41
頁,31.80
風,42.70
飛,32.70
食,81.02
首,80.41
香,90.41
乘,90.01
亳,60.70
倌,91A.40-6
倍,91A.40-6
倣,91A.82-6
俯,91A.00-6
倦,91A.70-1
倥,91A.30-6
俸,91A.10-1
倩,91A.42-1
倖,91A.10-1
倆,91A.42-3
值,91A.30-1
借,91A.41-2
倚,91A.00-1
倒,91A.00-3
們,91A.00-5
俺,91A.70-1
倀,91A.02-5
倔,91A.21-5
倨,91A.40-5
俱,91A.80-4
倡,91A.41-4
個,91A.41-4
候,91A.81-3
倘,91A.42-2
俳,91A.22-2
修,91A.91-5
倭,91A.93-8
倪,91A.70-9
俾,91A.10-9
倫,91A.42-8
倉,81.40
兼,80.22
冤,62.70-5
冥,62.80-4
冢,62.02-3
凍,63A.01-1
凌,63A.82-1
准,63A.11-9
凋,63A.42-4
剖,60S.00-2
剛,42S.00-2
剝,92S.00-2
匪,51.21-2
卿,90S.22-9
原,51A.01-9
厝,51A.41-2
叟,22.82
哨,40A.42-2
唐,61.40-2
唁,40A.40-6
唷,40A.42-6
哥,31.00
哲,10.40
唆,40A.82-9
哺,40A.42-1
唔,40A.40-3
哩,40A.11-4
哭,40.81
員,40.80
唉,40A.81-9
哮,40A.00-1
哪,40A.22-5
哦,40A.71-9
唧,40A.22-9
唇,51A.40-3
哽,40A.82-3
唏,40A.22-8
圃,41.41-1
圄,41.41-3
埂,11A.82-3
埔,11A.42-1
埋,11A.11-4
埃,11A.81-9
夏,31.82
套,12.93
奘,21.81
奚,90.81
娑,63.93
娘,93A.02-6
娜,93A.22-2
娟,93A.42-3
娛,93A.81-2
娓,93A.70-5
姬,93A.20-9
娠,93A.02-4
娣,93A.22-5
娩,93A.70-9
娥,93A.71-7
娌,93A.11-3
娉,93A.50-1
孫,32S.01-9
宰,62.10-6
害,62.40-1
家,62.02-3
宴,62.93-4
宮,62.40-4
宸,62.02-5
射,91D.93-8
屑,52A.42-2
展,52A.02-2
屐,52A.82-9
峭,21B.42-2
峽,21B.81-1
峻,21B.82-9
峪,21B.40-8
峨,21.71
峰,21.10
島,91.50
差,80.30
席,61.22-2
師,91S.22-2
庫,61.10-1
庭,61.83-9
座,61.11-2
弱,50S.50-5
徒,91B.82-9
徑,91B.30-3
徐,91B.01-1
恙,80.72
恣,63.72
恥,31S.30-2
恐,31.72
恕,93.72
恭,20.02
恩,41.72
息,91.72
悄,22A.42-2
悟,22A.40-3
悚,22A.01-1
悍,22A.10-4
悔,22A.50-9
悌,22A.22-8
悅,22A.70-8
悖,22A.00-1
扇,63D.50-5
拳,12.00
挈,10.00
拿,81.00
捎,10A.42-2
挾,10A.81-1
振,10A.02-5
捕,10A.42-1
捆,10A.41-4
捉,10A.83-4
挺,10A.83-9
捐,10A.42-4
挽,10A.70-9
挪,10A.22-5
挫,10A.11-1
挨,10A.81-9
捌,10A.00-4
效,60S.82-9
敉,22C.82-9
料,22C.10-1
旁,60.50
旅,60S.02-9
時,41A.00-1
晉,31.41
晏,41.93
晃,41.70
晒,41A.41-3
晌,41A.42-9
晁,41.70
書,22.41
朔,80S.42-4
朕,42A.81-8
朗,63S.42-4
校,10B.82-6
核,10B.81-6
案,62.01-9
框,10B.21-5
桓,10B.30-3
根,10B.02-5
桂,10B.11-1
桔,10B.40-1
栩,10B.50-5
梳,10B.70-6
栗,31.01
桌,21A.01
桑,32.01
栽,11.71
柴,21A.01
桐,10B.42-4
桀,92.00
格,10B.40-9
桃,10B.70-2
株,10B.01-1
桅,10B.70-9
栓,10B.11-8
桁,10B.00-9
殊,31S.01-1
殉,31S.50-9
殷,90S.82-4
氣,92.70
氧,92.70
氨,92.70
氦,92.70
氤,92.70
泰,12.02
浪,63A.02-6
涕,63A.22-8
消,63A.42-2
涇,63A.30-3
浦,63A.42-1
浸,63A.82-5
海,63A.50-9
浙,63A.22-1
涓,63A.42-4
浮,63A.00-9
浚,63A.82-9
浴,63A.40-8
浩,63A.40-1
涌,63A.42-3
浹,63A.81-1
涅,63A.11-4
浥,63A.70-4
涔,63A.32-2
烊,91D.10-6
烘,91D.72-9
烤,91D.42-8
烙,91D.40-8
烈,31.63
烏,91.50
爹,80.32
特,10C.00-1
狼,91C.02-5
狹,91C.80-6
狽,91C.80-1
狸,91C.11-4
狷,91C.42-3
班,31A.11-9
琉,31A.70-6
珮,31A.70-4
珠,31A.01-1
珪,31A.11-1
珞,31A.40-9
畔,41S.10-2
畝,60S.81-9
畜,60.41
畚,93.40
留,90.41
疾,61A.81-9
病,61A.42-3
症,61A.30-3
疲,61A.82-2
疳,61A.41-2
疽,61A.30-4
疼,61A.63-9
疹,61A.91-8
痂,61A.40-9
疸,61A.30-4
皰,22S.70-9
益,80.30
盍,11.30
盎,90.30
眩,41B.93-6
真,12.80
眠,41B.71-5
眨,41B.83-9
矩,92S.20-8
砰,31B.10-3
砧,31B.40-2
砸,31B.21-5
砝,31B.93-1
破,31B.82-2
砷,31B.22-2
砥,31B.71-9
砭,31B.83-9
砟,31B.22-9
砲,31B.70-9
祕,63B.72-6
祐,63B.40-1
祠,63B.50-5
祟,21.01
祖,63B.30-4
神,63B.22-2
祝,63B.70-4
祗,63B.71-9
祚,63B.22-9
秤,90A.10-3
秣,90A.01-1
秧,90A.81-9
租,90A.30-4
秦,12.01
秩,90A.81-1
秘,90A.72-6
窄,62A.22-9
窈,62A.50-9
站,60S.40-2
笆,92A.70-4
笑,92A.81-8
粉,22C.50-8
紡,93B.50-5
紗,93B.83-9
紋,93B.82-5
紊,60.01
素,10.01
索,10.01
純,93B.63-9
紐,93B.30-4
紕,93B.70-1
級,93B.82-3
紜,93B.93-2
納,93B.42-8
紙,93B.71-7
紛,93B.50-6
缺,92S.70-6
罟,41D.40-1
羔,80.63
翅,10.83
翁,80.50
耆,11.41
耘,10S.93-3
耕,10S.20-2
耙,10S.70-5
耗,10S.70-9
耽,31S.70-9
耿,31S.81-9
脂,42A.41-2
胰,42A.81-1
脅,42A.50-9
胭,42A.41-4
胴,42A.42-4
脆,42A.70-9
胸,42A.50-9
胳,42A.40-9
脈,42A.02-9
能,93S.63-9
脊,91.42
胼,42A.20-8
胯,42A.50-1
臭,91.81
臬,90.01
舀,90.21
舐,90S.71-9
航,91S.70-5
舫,91S.50-5
舨,91S.82-9
般,91S.82-2
芻,92.50
茫,20A.21-6
荒,20A.70-6
荔,20A.50-9
荊,20S.00-2
茸,20A.10-3
荐,20A.00-1
草,20A.10-4
茵,20A.41-4
茴,20A.41-4
荏,20A.11-9
茲,20A.93-9
茹,20A.40-9
茶,20A.01-8
茗,20A.40-9
荀,20A.50-9
茱,20A.01-1
茨,20A.81-6
荃,20A.11-8
虔,21A.82
蚊,22D.82-6
蚪,22D.10-1
蚓,22D.22-5
蚤,32.93
蚩,21.93
蚌,22D.10-1
蚣,22D.93-8
蚜,22D.00-5
衰,60.02
衷,60.02
袁,11.02
袂,63C.81-9
衽,63C.11-9
衹,63C.71-9
記,60A.70-5
訐,60A.10-3
討,60A.00-1
訌,60A.30-3
訕,60A.21-2
訊,60A.70-3
託,60A.70-9
訓,60A.22-2
訖,60A.70-9
訏,60A.00-3
訑,60A.70-2
豈,21.30
豺,91S.00-1
豹,91S.50-9
財,41C.00-1
貢,31.80
起,11.83
躬,91S.50-2
軒,10D.10-3
軔,10D.50-5
軏,10D.70-3
辱,51A.00-3
送,80.83
逆,80.83
迷,22.83
退,52.83
迴,41.83
逃,22.83
追,91.83
逅,90.83
邕,93.70
郡,52S.22-3
郝,11S.22-3
郢,40S.22-3
酒,63A.41-3
配,31C.70-5
酌,31C.50-9
釘,81A.00-3
針,81A.10-1
釗,81A.00-2
釜,80.30
釙,81A.22-2
閃,52B.00-8
院,32A.70-6
陣,32A.10-1
陡,32A.83-1
陛,32A.11-2
陝,32A.81-1
除,32A.01-8
陘,32A.30-3
陞,32A.11-9
隻,91.82
飢,81B.70-4
馬,51.50
骨,42.42
高,60.42
鬥,52B.00-5
鬲,30.42
鬼,91.70
乾,10S.70-9
偺,91A.41-9
偽,91A.50-9
停,91A.00-6
假,91A.82-5
偃,91A.21-5
偌,91A.40-2
做,91A.82-1
偉,91A.10-2
健,91A.83-2
偶,91A.42-4
偎,91A.02-4
偕,91A.41-2
偵,91A.80-2
側,91A.00-4
偷,91A.00-8
偏,91A.42-6
倏,91A.81-9
偭,91A.41-3
兜,90.70
冕,41.70
凰,42.70
剪,80.50
副,30S.00-2
勒,20B.50-9
務,32S.50-9
勘,20S.50-9
動,90S.50-9
匐,92.50
匏,12S.70-9
匙,41.83
匿,51.21-2
區,51.21-4
匾,51.21-6
參,93.83
曼,41.82
商,60.42
啦,40A.30-1
啄,40A.0-3
啞,40A.30-3
啡,40A.22-2
啃,40A.42-2
啊,40A.00-3
唱,40A.41-4
啖,40A.81-9
問,52B.00-4
啕,40A.50-9
唯,40A.11-9
啤,40A.10-9
唸,40A.72-8
售,91.40
啜,40A.82-3
唬,40A.70-2
啣,40A.22-9
唳,40A.81-6
啁,40A.42-4
啗,40A.21-9
圈,41.41-1
國,41.41-7
圉,41.41-1
域,11A.71-7
堅,51.11
堊,31.11
堆,11A.11-9
埠,11A.10-9
埤,11A.10-9
基,20.11
堂,22.11
堵,11A.41-1
執,11S.70-9
培,11A.40-6
夠,92S.50-9
奢,12.41
娶,31.93
婁,22.93
婉,93A.70-6
婦,93A.22-5
婪,10.93
婀,93A.00-3
娼,93A.41-3
婢,93A.10-4
婚,93A.41-6
婆,63.93
婊,93A.01-9
孰,60S.70-9
寇,62.70-3
寅,62.80
寄,62.00-1
寂,62.82-2
宿,62.41-9
密,62.21-6
尉,52S.00-1
專,10.00
將,21S.00-9
屠,52A.41-1
屜,52A.21-9
崇,21.01
崆,21B.30-6
崎,21B.00-1
崛,21B.21-5
崖,21.11
崢,21B.00-9
崑,21.70
崩,21.42
崔,21.11
崙,21.42
崧,21.93
崗,21.42
巢,93.01
常,22.22
帶,22.22
帳,22B.02-5
帷,22B.11-9
康,61.02-2
庸,61.42-2
庶,61.63-2
庵,61.70-1
庾,61.81-9
張,50A.02-5
強,50A.93-9
彗,10.30
彬,10B.91-1
彩,90S.91-9
彫,42S.91-9
得,91B.00-3
徙,91B.83-1
從,91B.83-8
徘,91B.22-2
御,91B.22-2
徠,91B.00-9
恿,32.72
患,22.72
悉,90.72
悠,91.72
您,91.72
惋,22A.70-6
悴,22A.10-6
惦,22A.40-6
悽,22A.93-1
情,22A.42-1
悻,22A.10-1
悵,22A.02-5
惜,22A.41-2
悼,22A.10-2
惘,22A.42-4
惕,22A.50-4
惆,22A.42-4
惟,22A.11-9
悸,22A.00-9
惚,22A.72-9
惇,22A.00-6
戚,71.71
扈,63D.70-4
掠,10A.01-6
控,10A.30-6
捲,10A.70-1
掖,10A.83-6
探,10A.01-6
接,10A.93-6
捷,10A.83-1
捧,10A.10-1
掘,10A.21-5
措,10A.41-2
捱,10A.11-5
掩,10A.70-1
掉,10A.10-2
掃,10A.22-5
掛,10A.22-1
捫,10A.00-5
推,10A.11-9
掄,10A.42-8
授,10A.82-9
掙,10A.00-9
採,10A.01-9
掬,10A.50-9
排,10A.22-2
掏,10A.50-9
掀,10A.81-9
捻,10A.72-8
捩,10A.81-6
捨,10A.40-8
捺,10A.01-1
敝,22S.82-9
敖,10S.82-9
救,10S.82-9
教,11S.82-9
敗,41C.82-9
啟,63S.82-9
敏,92S.82-2
敘,81S.82-2
敕,10S.82-9
斜,81S.10-1
斛,92B.02-1
斬,10D.22-9
族,60S.81-9
旋,60S.83-9
旌,60S.11-9
旎,60S.70-9
晝,22.30
晚,41A.70-9
晤,41A.40-3
晨,41.02
晦,41A.50-9
晞,41A.22-8
曹,20.41
勗,41.50
望,60.11
梁,63.01
梯,10B.22-8
梢,10B.42-2
梓,10B.10-6
梵,10.70
桿,10B.10-4
桶,10B.42-3
梱,10B.41-4
梧,10B.40-3
梗,10B.82-3
械,10B.71-7
梃,10B.83-9
棄,60.01
梭,10B.82-9
梆,10B.22-1
梅,10B.50-9
條,91A.01-9
梟,91.01
欲,80S.81-9
殺,82S.82-4
毫,60.70
毬,90.70
氫,92.70
涎,63A.83-9
涼,63A.01-6
淳,63A.00-6
淙,63A.01-6
液,63A.83-6
淡,63A.81-9
淌,63A.42-2
淤,63A.63-6
添,63A.02-9
淺,63A.71-7
清,63A.42-1
淇,63A.80-2
淋,63A.01-1
涯,63A.11-5
淑,63A.82-2
涮,63A.00-5
淞,63A.93-1
淹,63A.70-1
涸,63A.41-4
混,63A.70-4
淵,63A.22-2
淅,63A.22-1
淒,63A.93-1
渚,63A.41-1
涵,63A.21-3
淚,63A.81-6
淫,63A.11-9
淘,63A.50-9
淪,63A.42-8
深,63A.01-6
淨,63A.00-9
淆,63A.42-8
淄,63A.41-9
涪,63A.40-6
淬,63A.10-6
涿,63A.02-3
淦,63A.30-8
烹,60.63
焉,31.50
烽,91D.10-8
爽,12.81
牽,60.10
猜,91C.41-8
猛,91C.30-3
猖,91C.41-2
猙,91C.00-9
率,60.10
琅,31A.02-6
球,31A.02-1
理,31A.11-4
現,31A.70-4
瓠,12S.83-9
瓶,80S.70-3
瓷,63.70
甜,90S.41-2
產,60.11
略,41S.40-9
畦,41S.11-1
畢,41.10
異,41.80
疏,32S.01-1
痔,61A.00-1
痕,61A.02-5
疵,61A.70-2
痊,61A.11-8
痍,61A.81-1
皎,91S.82-4
盔,12.30
盒,81.30
盛,71.30
眷,12.41
眾,41D.02-9
眼,41B.02-5
眶,41B.21-5
眸,41B.10-9
眺,41B.70-2
硫,31B.70-6
硃,31B.01-1
硎,31B.00-3
祥,63B.10-8
票,31.01
祭,92.01
移,90A.32-9
窒,62A.11-3
窕,62A.70-2
笠,92A.30-5
笨,92A.02-9
笛,92A.41-1
第,92A.22-5
符,92A.00-9
笙,92A.10-9
笞,92A.40-9
粒,22C.30-6
粗,22C.30-4
粕,22C.41-9
絆,93B.10-2
絃,93B.93-5
統,93B.70-5
紮,10.01
紹,93B.40-1
紼,93B.22-2
絀,93B.11-9
細,93B.41-3
紳,93B.22-2
組,93B.30-4
累,41.01
終,93B.50-9
紲,93B.21-2
紱,93B.82-1
缽,81A.10-1
羞,80.30
羚,80S.63-8
翌,50.30
翎,81S.50-5
習,50.41
耜,10S.40-4
聊,31S.22-9
聆,31S.63-8
脯,42A.42-1
脖,42A.00-1
脣,51A.42-3
脫,42A.70-8
脩,91A.42-9
舂,12.21
舵,91S.70-6
舷,91S.83-9
舶,91S.41-9
船,91S.40-4
莎,20A.91-6
莞,20A.70-6
莘,20A.10-6
荸,20A.00-1
莢,20A.81-1
莖,20A.30-3
莽,20A.20-1
莫,20A.81-4
莒,20A.40-4
莊,20A.11-2
莓,20A.50-9
莉,20A.00-9
莠,20A.50-9
荷,20A.00-9
荻,20A.81-9
荼,20A.01-8
莧,20A.70-4
處,21A.83
彪,21A.70
蛇,22D.70-6
蛀,22D.11-6
蚶,22D.41-2
蛄,22D.40-1
蛆,22D.30-4
蛋,32.93
蚱,22D.22-9
蚯,22D.30-9
蛉,22D.63-8
術,91A.93-9
袈,91.02
被,63C.82-2
袒,63C.30-4
袖,63C.41-2
袍,63C.70-9
袋,91.02
覓,90.70
規,12S.70-4
訪,60A.50-6
訝,60A.00-5
訣,60A.81-9
訥,60A.42-8
許,60A.10-9
設,60A.82-4
訟,60A.93-8
訛,60A.70-9
豉,30S.82-1
豚,42A.02-3
販,41C.82-9
責,10.80
貫,41.80
貨,91.80
貪,81.80
貧,80.80
赧,11S.82-5
赦,11S.82-9
趾,40B.30-2
趺,40B.81-1
軛,10D.70-5
軟,10D.81-9
這,60.83
逍,22.83
通,32.83
逗,30.83
連,10.83
速,10.83
逝,10.83
逐,31.83
逕,31.83
逞,40.83
造,10.83
透,90.83
逢,92.83
逖,91.83
逛,91.83
途,81.83
部,60S.22-3
郭,60S.22-3
都,11S.22-3
酗,31C.21-2
野,41S.00-3
釵,81A.82-3
釦,81A.40-4
釣,81A.50-9
釧,81A.22-2
釩,81A.70-4
閉,52B.00-1
陪,32A.40-6
陵,32A.82-1
陳,32A.01
陸,32A.11-1
陰,32A.93-8
陴,32A.10-9
陶,32.50-6
陷,32A.21-9
陬,32A.82-3
雀,22.11
雪,31D.30-5
雩,31D.50-3
章,60.10
竟,60.70
頂,31S.80-3
頃,21S.80-3
魚,92.63
鳥,91.50
鹵,21A.41
鹿,61.70-2
麥,10.32
麻,20A.01-6
傢,91A.02-6
傍,91A.50-6
傅,91A.00-1
備,91A.42-2
傑,91A.01-9
傀,91A.70-9
傖,91A.40-8
傘,81.10
傚,91A.82-6
最,41.82
凱,21S.70-4
割,62S.00-2
剴,21S.00-2
創,81S.00-2
剩,90S.00-2
勞,91.50
勝,42A.50-1
勛,40S.50-9
博,10S.00-1
厥,51A.81-8
啻,60.40
喀,40A.40-6
喧,40A.30-6
啼,40A.22-6
喊,40A.71-7
喝,40A.50-4
喘,40A.42-2
喂,40A.02-4
喜,11.40
喪,10.02
喔,40A.11-5
喇,40A.00-1
喋,40A.01-2
喃,40A.42-1
喳,40A.30-1
喟,40A.42-4
唾,40A.11-9
喲,40A.50-9
喚,40A.81-9
喻,40A.00-8
喬,90.42
喉,40A.81-9
喫,40A.81-1
喙,40A.02-9
圍,41.41-2
堯,11.70
堪,11A.21-2
場,11A.50-4
堤,11A.83-4
堰,11A.21-5
報,11S.82-5
堡,91.11
堠,11A.81-9
壹,11.30
壺,11.30
奠,80.81
婷,93A.00-5
媚,93A.41-4
婿,93A.42-3
媒,93A.01-1
媛,93A.82-6
媧,93A.42-4
孳,80.00-9
孱,52A.00-3
寒,62.63-2
富,62.41-3
寓,62.42-4
寐,62.01-2
尊,80.00
尋,50.00
就,60S.70-1
嵌,21.81
嵐,21.70
崴,21.71
嵇,90A.21-1
巽,52.80
幅,22B.41-3
帽,22B.41-4
幀,22B.80-2
幃,22B.10-2
幾,93.70
廊,61.22-6
廁,61.00-4
廂,61.41-1
弼,50A.50-3
彭,11S.91-9
復,91B.82-9
循,91B.41-4
徨,91B.11-6
惑,71.72
惡,31.72
悲,22.72
悶,52B.00-6
惠,10.72
愜,22A.21-5
愣,22A.50-4
惺,22A.11-4
愕,22A.50-4
惰,22A.42-1
惻,22A.00-4
惴,22A.42-2
慨,22A.70-9
惱,22A.41-9
愎,22A.82-9
惶,22A.11-9
愉,22A.00-8
愀,22A.81-9
愒,22A.50-4
戟,10S.71-7
扉,63D.22-2
掣,10.00
掌,22.00
描,10A.41-2
揀,10A.01-1
揩,10A.41-2
揉,10A.01-3
揆,10A.81-3
揍,10A.81-1
插,10A.21-9
揣,10A.42-2
提,10A.83-4
握,10A.11-5
揖,10A.10-4
揭,10A.50-4
揮,10A.10-6
捶,10A.11-9
援,10A.82-9
揪,10A.81-9
換,10A.81-9
摒,10A.20-5
揚,10A.50-4
敞,22S.82-9
敦,60S.82-9
敢,31S.82-9
散,20S.82-9
斑,31A.11-6
斐,22.82
斯,20S.22-9
普,80.41
晰,41A.22-1
晴,41A.42-1
晶,41.41
景,41.01
暑,41.41
智,92.41
晾,41A.01-6
晷,41.40
曾,80.41
替,12.41
期,20S.42-4
朝,10S.42-4
棺,10B.40-6
棕,10B.01-6
棠,22.01
棘,10S.01-1
棗,10.01
椅,10B.00-1
棟,10B.01-1
棧,10B.71-7
棹,10B.10-2
棒,10B.10-1
棲,10B.93-1
棣,10B.02-2
棋,10B.80-2
棍,10B.70-4
植,10B.30-1
椒,10B.82-2
椎,10B.11-9
棉,10B.22-9
棚,10B.42-4
楮,10B.41-1
棻,20A.01-8
款,11S.81-9
欺,20S.81-9
欽,81A.81-9
殘,31S.71-7
殖,31S.30-1
殼,11S.82-4
毯,90.70
氮,92.70
氯,92.70
氬,92.70
港,63A.70-2
游,63A.00-6
湔,63A.00-8
渡,63A.82-6
渲,63A.30-6
湧,63A.50-3
湊,63A.81-1
渥,63A.11-5
渣,63A.30-1
減,63A.71-7
湛,63A.21-2
湘,63A.41-1
渤,63A.50-1
湖,63A.42-1
湮,63A.11-3
渦,63A.42-4
湯,63A.50-4
渴,63A.50-4
湍,63A.42-2
渺,63A.91-4
測,63A.00-4
湃,63A.10-9
渝,63A.00-8
渾,63A.10-6
滋,63A.93-8
溉,63A.70-9
渙,63A.81-9
湎,63A.41-3
湄,63A.41-5
湲,63A.82-9
焙,91D.40-5
焚,10.81
焦,91.63
焰,91D.21-5
無,92.63
然,92.63
煮,11.63
焜,91D.70-1
牌,91S.10-3
犄,10C.00-1
犀,52A.10-2
猶,91C.41-8
猥,91C.02-1
猴,91C.81-9
猩,91C.11-3
琪,31A.80-2
琳,31A.01-1
琢,31A.02-3
琥,31A.70-2
琵,31.70
琶,31.70
琴,31.32
琛,31A.01-6
琦,31A.00-1
琨,31A.70-4
甥,10S.50-4
甦,31.83
畫,22.30
番,90.41
痢,61A.00-9
痛,61A.42-3
痣,61A.72-1
痙,61A.30-3
痘,61A.30-3
痞,61A.40-3
痠,61A.82-9
登,32.30
發,32.82
皖,91S.70-6
皓,91S.30-5
皴,93S.81-9
盜,63.30
睏,41B.41-4
短,92S.30-3
硝,31B.42-2
硬,31B.82-3
硯,31B.70-4
稍,90A.42-2
稈,90A.10-4
程,90A.11-4
稅,90A.70-8
稀,90A.22-8
窘,62A.40-5
窗,62A.41-9
童,60.11
竣,60S.82-9
等,92A.00-1
策,92A.00-9
筆,92A.10-2
筐,92A.21-5
筒,92A.42-3
答,92A.40-8
筍,92A.50-9
筋,92A.50-1
筏,92A.71-8
筑,92A.70-2
粟,31.01
粥,50A.50-2
絞,93B.82-6
結,93B.30-8
絨,93B.71-7
絕,93B.70-5
紫,21A.01
絮,93.01
絲,193B.01-9
絡,93B.40-8
給,93B.40-8
絢,93B.50-9
絰,93B.11-3
絳,93B.10-6
善,80.40
翔,80S.50-5
翕,81.50
耋,11.11
聒,31S.40-9
肅,22.22
腕,42A.70-6
腔,42A.30-6
腋,42A.83-6
腑,42A.00-6
腎,51.42
脹,42A.02-5
腆,42A.80-2
脾,42A.10-9
腌,42A.70-1
腓,42A.22-2
腴,42A.81-9
舒,81S.00-3
舜,90.10
菩,20A.40-6
萃,20A.10-6
菸,20A.63-3
萍,20A.10-6
菠,20A.82-6
菅,20A.40-6
萋,20A.93-1
菁,20A.42-1
華,20A.10-3
菱,20A.82-1
菴,20A.70-1
著,20A.41-1
萊,20A.01-1
菰,20A.83-3
萌,20A.42-4
菌,20A.41-4
菽,20A.82-2
菲,20.A.22-2
菊,20A.50-9
萸,20A.81-9
萎,20A.93-9
萄,20A.50-9
菜,20A.01-9
菔,20A.82-4
菟,20A.70-5
虛,21A.30
蛟,22D.82-6
蛙,22D.11-1
蛭,22D.11-3
蛔,22D.41-4
蛛,22D.01-1
蛤,22D.40-8
蛐,22D.41-2
街,91B.00-1
裁,11.71
裂,31.02
袱,63C.81-9
覃,31.10
視,63B.70-4
註,60A.11-6
詠,40A.02-6
評,60A.10-3
詞,60A.50-5
証,60A.30-3
詁,60A.40-1
詔,60A.40-5
詛,60A.30-4
詐,60A.22-9
詆,60A.71-9
訴,60A.22-9
診,60A.91-8
訶,60A.00-3
詖,60A.82-2
象,92.02
貂,91S.40-4
貯,41C.00-6
貼,41C.40-2
貳,71.71
貽,41C.40-9
賁,10.80
費,22.80
賀,91.80
貴,22.80
買,41D.80-4
貶,41C.83-9
貿,90.80
貸,91.80
越,11.83
超,11.83
趁,11.83
跎,40B.70-6
距,40B.21-5
跋,40B.82-1
跚,40B.42-4
跑,40B.70-9
跌,40B.81-1
跛,40B.82-2
軻,10D.00-3
軸,10D.41-2
軼,10D.81-9
辜,10.10
逮,22.83
逵,11.83
週,42.83
逸,92.83
進,91.83
逶,90.83
鄂,40S.22-3
郵,90S.22-3
鄉,93S.22-3
郾,51S.22-3
酣,31C.41-2
酥,31C.01-9
量,41.11
鈔,81A.91-2
鈕,81A.30-5
鈣,81A.50-3
鈉,81A.42-8
鈞,81A.50-9
鈍,81A.70-1
鈐,81A.32-8
鈇,81A.81-1
閔,52B.00-6
閏,52B.00-3
開,52B.00-3
閑,52B.00-1
間,52B.00-4
閒,52B.00-4
閎,52B.00-1
隊,32A.02-8
階,32A.41-2
隋,32A.42-1
陽,32A.50-4
隅,32A.42-4
隆,32A.11-9
隍,32A.11-9
陲,32A.11-9
隄,32A.83-4
雁,51A.11-9
雅,51S.11-9
雄,12S.11-9
集,91.01
雇,63D.11-9
雯,31D.82-6
雲,31D.93-3
韌,22S.50-5
項,31S.80-3
順,22S.80-3
須,91S.80-3
飧,92S.01-9
飪,81B.11-9
飯,81B.82-9
飩,81B.70-1
飲,81B.81-9
飭,81B.50-9
馮,63A.50-5
馭,51B.82-3
黃,20.80
黍,90.02
黑,41.63
亂,90S.70-2
傭,91A.42-6
債,91A.80-1
傲,91A.82-1
傳,91A.00-1
僅,91A.11-2
傾,91A.80-2
催,91A.11-2
傷,91A.50-9
傯,91A.72-9
剿,93B.93-9
剷,60S.00-2
剽,31S.00-2
募,20A.50-4
勦,93S.50-9
勤,20S.50-9
勢,11.50
勣,10S.50-9
匯,51.21-6
嗟,40A.30-8
嗨,40A.50-6
嗓,40A.01-3
嗜,40A.41-1
嗑,40A.30-1
嗣,40S.50-5
嗤,40A.93-2
嗚,40A.50-9
嗡,40A.50-8
嗆,40A.40-8
嗉,40A.01-1
園,41.41-1
圓,41.41-4
塞,62.11-2
塑,80.11
塘,11A.40-6
塗,63.11
填,11A.80-2
塌,11A.50-4
塊,11A.70-9
塢,11A.50-9
塒,11A.00-4
塋,91.11
奧,91.81
嫁,93A.02-6
嫉,93A.81-4
嫌,93A.22-8
媾,93A.41-9
媽,93A.50-5
媼,93A.30-3
媳,93A.71-9
嫂,93A.82-2
媲,93A.70-9
嵩,21.42
嵯,21B.30-8
幌,22B.70-4
幹,10S.10-8
廉,61.22-8
廈,61.82-3
弒,82S.71-7
彙,92.01
徬,91B.50-6
微,91B.81-9
愚,41.72
意,60.72
慈,80.72
感,71.71
想,10.72
愛,90.82
惹,20A.72-1
愁,90.72
愈,81.72
慎,22A.80-1
慌,22A.70-2
慄,22A.01-3
慍,22A.30-4
愾,22A.70-9
愴,22A.40-8
愧,22A.70-9
愍,52.72
愆,91.72
愷,22A.30-2
戡,20S.71-7
戢,40S.71-7
搓,10A.30-8
搾,10A.22-6
搞,10A.42-6
搪,10A.40-6
搭,10A.40-2
搽,10A.01-2
搬,10A.82-9
搏,10A.00-1
搜,10A.82-2
搔,10A.93-3
損,10A.80-4
搶,10A.40-8
搖,10A.21-9
搗,10A.50-9
搆,10A.42-2
敬,20S.82-9
斟,20S.10-1
新,60S.22-9
暗,41A.41-6
暉,41A.10-6
暇,41A.82-5
暈,41.10
暖,41A.82-9
暄,41A.30-6
暘,41A.50-4
會,81.41
榔,10B.22-6
業,22.01
楚,10.83
楷,10B.41-2
楠,10B.42-1
楔,10B.81-1
極,10B.30-3
椰,10B.22-3
概,10B.70-9
楊,10B.50-4
楨,10B.80-2
楫,10B.10-4
楞,10B.50-4
楓,10B.70-4
楹,10B.30-3
榆,10B.00-8
楝,10B.01-1
楣,10B.41-5
楛,10B.40-2
歇,41S.81-9
歲,21A.71
毀,90S.82-4
殿,52S.82-4
毓,92S.70-4
毽,90.70
溢,63A.30-8
溯,63A.42-8
滓,63A.10-6
溶,63A.40-6
滂,63A.50-6
源,63A.01-5
溝,63A.42-2
滇,63A.80-1
滅,63A.71-7
溥,63A.00-1
溘,63A.30-1
溼,63A.11-3
溺,63A.50-5
溫,63A.30-4
滑,63A.42-4
準,63.10
溜,63A.41-9
滄,63A.40-8
滔,63A.21-9
溪,63A.81-9
溧,63A.01-3
溴,63A.81-9
煎,80.63
煙,91D.11-1
煉,91D.00-9
照,41.63
煜,91D.30-3
煬,91D.50-1
煦,41.63
煌,91D.11-6
煥,91D.81-9
煞,92.63
煨,91D.02-4
煖,91D.82-6
爺,80.22
牒,91S.00-9
猷,80S.81-1
獅,91C.22-4
猿,91C.01-3
猾,91C.42-4
瑯,31A.22-6
瑚,31A.42-1
瑕,31A.82-5
瑟,31.72
瑞,31A.42-2
瑁,31A.41-4
瑙,31A.41-9
瑛,31A.81-2
瑜,31A.00-8
當,22.41
畸,41S.00-1
瘀,61A.63-6
痰,61A.81-9
瘁,61A.10-6
痱,61A.22-2
痺,61A.10-9
痿,61A.93-9
痴,61A.40-9
盞,71.30
盟,41.30
睛,41B.42-1
睫,41B.83-1
睦,41B.11-1
睞,41B.01-1
督,21A.41
睹,11S.70-4
睪,41D.10-1
睬,41B.01-9
睜,41B.00-9
睥,41B.10-9
睨,41B.70-9
睢,41B.11-9
矮,92S.82-9
碎,31B.10-6
碰,31B.30-8
碗,31B.70-6
碘,31B.80-2
碌,31B.02-9
碉,31B.42-4
硼,31B.42-4
碑,31B.10-9
碓,31B.11-9
祺,63B.80-2
祿,63B.02-9
禁,10.01
萬,20A.42-4
禽,81.42
稜,90A.82-1
稚,90A.11-9
稠,90A.42-4
稔,90A.72-8
稟,60.01
稞,90A.01-4
窟,62A.21-5
窠,62A.01-4
筷,92A.81-1
節,92A.22-9
筠,92A.42-8
筮,92A.30-3
筧,92A.70-3
粱,63.01
粵,91.50
經,93B.30-3
絹,93B.42-3
綑,93B.41-4
綁,93B.21-9
綏,93B.93-8
絛,91A.01-9
置,41D.30-1
罩,41D.10-2
罪,41D.22-2
署,41D.41-1
義,80.71
羨,80.81
群,50S.10-8
聖,31.11
聘,31S.50-2
肆,51S.10-2
肄,21S.10-2
腱,42A.83-2
腰,42A.93-3
腸,42A.50-4
腥,42A.11-4
腮,42A.72-4
腳,42A.22-8
腫,42A.11-9
腺,42A.02-9
腦,42A.41-9
舅,90.50
艇,91S.82-9
蒂,20A.22-6
葷,20A.10-6
落,20A.40-6
萱,20A.30-6
葵,20A.81-3
葦,20A.10-2
葫,20A.42-1
葉,20A.01-2
葬,20A.11-3
葛,20A.50-4
萼,20A.50-4
萵,20A.42-4
葡,20A.50-9
董,20A.11-9
葩,20A.70-9
葭,20A.82-5
葆,20A.01-9
虞,21A.81
虜,21A.50
號,40S.70-2
蛹,22D.42-3
蜈,22D.81-4
蜇,10.93
蜀,41D.50-9
蛾,22D.71-9
蛻,22D.70-8
蜂,22D.10-9
蜃,51A.93-3
蜆,22D.70-4
蜊,22D.00-9
衙,91B.00-3
裟,63.02
裔,60.42
裙,63C.40-5
補,63C.42-1
裘,10.02
裝,21.02
裡,63C.11-4
裊,91.02
裕,63C.40-8
裒,60.02
解,92B.10-4
詫,60A.70-6
該,60A.81-6
詳,60A.10-8
試,60A.71-7
詩,60A.00-1
詰,60A.40-1
誇,60A.50-1
詼,60A.80-1
詣,60A.41-2
誠,60A.71-7
話,60A.40-9
誅,60A.01-1
詭,60A.70-9
詢,60A.50-9
詮,60A.11-8
詬,60A.40-9
詹,92.40
訾,21A.40
豢,12.02
貊,91S.41-2
貉,91S.40-8
賊,41C.71-7
資,63.80
賈,31.80
賄,41C.42-1
貲,21A.80
賃,91.80
賂,41C.40-9
賅,41C.81-6
跡,40B.00-6
跟,40B.02-5
跨,40B.50-1
路,40B.40-9
跳,40B.70-2
跺,40B.01-3
跪,40B.70-9
跤,40B.82-6
躲,91S.01-1
較,10D.82-6
載,11.71
軾,10D.71-7
輊,10D.11-3
辟,52S.10-6
農,22.02
運,62.83-1
遊,60.83
道,80.83
遂,80.83
達,11.83
逼,30.83
違,22.83
遐,52.83
遇,41.83
遏,41.83
過,42.83
遑,91.83
逾,81.83
遁,90.83
鄒,92S.22-3
酬,31C.22-2
酪,31C.40-9
酩,31C.40-9
釉,90S.41-2
鈷,81A.40-1
鉗,81A.41-2
鈸,81A.82-1
鈽,81A.22-1
鉀,81A.22-4
鈾,81A.41-2
鉛,81A.40-4
鉋,81A.70-9
鉤,81A.50-9
鉑,81A.41-9
鈴,81A.63-8
鉍,81A.72-6
鉅,81A.21-5
鈹,81A.82-2
鈿,81A.41-4
閘,52B.00-4
隘,32A.30-8
隔,32A.42-3
隕,32A.80-4
雍,60.11
雋,91.42
雉,92S.11-2
雷,31D.41-4
電,31D.70-4
雹,31D.70-9
零,31D.63-8
靖,60S.42-1
靴,20B.70-9
靶,20B.70-5
預,32S.80-3
頑,30S.80-3
頓,10S.80-3
頊,31A.80-3
頒,80S.80-3
頌,80S.80-3
飼,81B.50-5
飴,81B.40-9
飽,81B.70-9
飾,81B.22-9
馳,51B.70-2
馱,51B.81-1
馴,51B.22-2
髡,51.70
鳩,91S.50-9
麂,61.70-2
鼎,41.22
鼠,90.70
僧,91A.41-8
僮,91A.11-6
僥,91A.70-1
僖,91A.40-1
僭,91A.41-9
僚,91A.01-1
僕,91A.81-2
像,91A.02-9
僑,91A.42-9
僱,91A.11-6
兢,10S.70-1
凳,32.70
劃,22S.00-2
劂,51S.00-2
匱,51.21-2
厭,51A.81-4
嗾,40A.81-6
嘛,40A.01-6
嘗,22.41
嗽,40A.81-1
嘔,40A.21-2
嘆,40A.81-2
嘉,11.40
嘍,40A.93-2
嘎,40A.71-3
嗷,40A.82-1
嘖,40A.80-1
嘟,40A.22-1
嘈,40A.41-2
嘐,40A.91-5
嗶,40A.10-4
團,41.41-1
圖,41.41-4
塵,61.11-2
塾,60.11
境,11A.70-6
墓,20A.11-4
墊,11.11
塹,10.11
墅,41.11
塽,11A.81-1
壽,11.00
夥,41S.32-9
夢,20A.32-4
夤,92.72
奪,12.00
奩,12.22
嫡,93A.42-4
嫦,93A.22-2
嫩,93A.82-1
嫗,93A.21-5
嫖,93A.01-2
嫣,93A.50-2
孵,90S.00-5
寞,62.81-2
寧,62.00-6
寡,62.50-3
寥,62.91-5
實,62.80-4
寨,62.01-2
寢,62.82-2
寤,62.40-2
察,62.01-9
對,22S.00-1
屢,52A.93-2
嶄,21.22
嶇,21B.21-5
幛,22B.10-6
幣,22.22
幕,20A.22-4
幗,22B.41-4
幔,22B.82-4
廓,61.22-6
廖,61.91-5
弊,22.20
彆,22.50
彰,60S.91-9
徹,91B.82-4
慇,90.72
愿,51A.72-9
態,93.72
慷,22A.02-6
慢,22A.82-4
慣,22A.80-4
慟,22A.50-9
慚,22A.22-1
慘,22A.91-9
慵,22A.42-6
截,11.71
撇,10A.82-2
摘,10A.42-6
摔,10A.10-6
撤,10A.82-6
摺,10A.41-4
摑,10A.41-4
摧,10A.11-2
搴,62.00-2
摭,10A.63-6
摻,10A.91-9
敲,60S.82-2
斡,10S.10-8
旗,60S.80-9
旖,60S.00-9
暢,22S.50-4
暨,91.30
暝,41A.80-6
榜,10B.50-6
榨,10B.22-6
榕,10B.40-6
槁,10B.42-6
榮,91.01
槓,10B.80-3
構,10B.42-2
榛,10B.01-1
榷,10B.11-9
榻,10B.50-4
榫,10B.10-9
榴,10B.41-9
槐,10B.70-9
槍,10B.40-8
榭,10B.00-9
槌,10B.83-9
榦,10S.01-8
槃,91.01
歉,80S.81-9
歌,31S.81-9
氳,92.70
漳,63A.10-6
演,63A.80-6
漓,63A.42-6
滴,63A.42-6
漩,63A.83-6
漾,63A.02-8
漠,63A.81-2
漬,63A.80-1
漏,63A.42-5
漂,63A.01-3
漢,63A.81-2
滿,63A.42-2
滯,63A.22-2
漆,63A.02-1
漱,63A.81-1
漸,63A.22-1
漲,63A.02-5
漣,63A.83-1
漕,63A.41-2
漫,63A.82-4
澈,63A.82-6
漪,63A.00-9
滬,63A.70-6
漁,63A.63-9
滲,63A.91-9
滌,63A.01-9
滷,63A.41-2
熔,91D.40-6
熙,51.63
煽,91D.50-4
熊,93.50
熄,91D.71-6
熒,91.81
爾,31.42
犒,10C.42-6
犖,91.10
獄,91C.81-5
獐,91C.10-6
瑤,31A.21-9
瑣,31A.80-2
瑪,31A.50-5
瑰,31A.70-9
甄,31S.70-3
疑,21S.83-3
瘧,61A.21-2
瘍,61A.50-4
瘋,61A.70-4
瘉,61A.00-8
瘓,61A.81-9
盡,22.30
監,51.30
瞄,41B.41-2
睽,41B.81-3
睿,21A.41
睡,41B.11-9
磁,31B.93-8
碟,31B.01-2
碧,31.40
碳,31B.81-2
碩,31B.80-3
碣,31B.50-4
禎,63B.80-2
福,63B.41-3
禍,63B.42-4
種,90A.11-9
稱,90A.42-9
窪,62A.11-6
窩,62A.42-4
竭,60S.50-4
端,60S.42-2
管,92A.40-5
箕,92A.80-1
箋,92A.71-5
筵,92A.83-9
算,92A.20-4
箝,92A.40-9
箔,92A.41-4
箏,92A.00-9
箸,92A.41-1
箇,92A.41-4
箄,92A.10-4
粹,22C.10-6
粽,22C.01-6
精,22C.42-1
綻,93B.83-4
綰,93B.40-5
綜,93B.01-4
綽,93B.10-2
綾,93B.81-1
綠,93B.02-9
緊,51.01
綴,93B.82-3
網,93B.42-4
綱,93B.42-4
綺,93B.00-1
綢,93B.42-4
綿,93B.22-9
綵,93B.01-6
綸,93B.42-6
維,93B.11-9
緒,93B.41-1
緇,93B.41-9
綬,93B.82-6
罰,41D.00-6
翠,50.10
翡,22.50
翟,50.11
聞,52B.00-3
聚,31.02
肇,63.10
腐,61.42-9
膀,42A.50-6
膏,60.42
膈,42A.42-3
膊,42A.00-1
腿,42A.83-5
膂,60.42
臧,71.71
臺,11.11
與,90.80
舔,90S.02-9
舞,92.10
艋,91S.30-3
蓉,20A.40-6
蒿,20A.42-6
蓆,20A.22-6
蓄,20A.41-6
蒙,20A.02-6
蒲,20A.42-6
蒜,20A.01-3
蓋,20A.30-1
蒸,20A.63-3
蓀,20A.01-3
蒐,20A.70-9
蒼,20A.40-8
蓑,20A.02-6
蓊,20A.50-8
蜿,22D.70-6
蜜,62.93-6
蜻,22D.42-1
蜢,22D.30-3
蜘,22D.40-9
蝕,81B.93-2
蜷,22D.70-1
蜩,22D.42-4
裳,22.02
褂,63C.22-1
裴,22.02
裹,60.02
裸,63C.01-4
製,10.02
裨,63C.10-9
褚,63C.41-1
誦,60A.42-3
誌,60A.72-1
語,60A.40-3
誣,60A.30-3
認,60A.72-5
誡,60A.71-7
誓,10.40
誤,60A.81-4
說,60A.70-8
誥,60A.40-1
誨,60A.50-9
誘,60A.50-9
誑,60A.11-9
誚,60A.42-2
豪,60.02
貍,91S.11-2
貌,91S.70-9
賓,62.80-3
賑,41C.02-5
賒,41C.01-8
赫,11S.00-2
趙,11.83
趕,11.83
跼,40B.50-5
輔,10D.42-2
輒,10D.70
輕,10D.30-3
輓,10D.70-9
辣,60S.01-1
遠,11.83
遘,20.83
遜,32.83
遣,22.83
遙,92.83
遞,90.83
遢,41.83
遛,90.83
鄙,40S.22-3
鄘,61S.22-3
鄞,20S.22-3
酵,31C.00-1
酸,31C.82-9
酷,31C.40-1
酴,31C.01-8
鉸,81A.82-6
銀,81A.02-5
銅,81A.42-4
銘,81A.40-9
銖,81A.01-1
鉻,81A.40-9
銓,81A.11-8
銜,91B.00-6
銑,81A.70-1
閡,52B.00-6
閨,52B.00-1
閩,52B.00-2
閣,52B.00-9
閥,52B.00-9
閤,52B.00-8
隙,32A.01-2
障,32A.10-6
際,32A.01-9
雌,21S.11-9
雒,92S.11-9
需,31D.42-3
鞅,20B.81-9
韶,60S.40-5
頗,22S.80-3
領,81S.80-3
颯,60S.70-4
颱,42.70
餃,81B.82-6
餅,81B.20-8
餌,81B.10-3
餉,81B.42-9
駁,51B.82-8
骯,42B.70-6
骰,42B.82-4
髦,51.70
魁,91.70
魂,30S.70-9
鳴,40A.50-9
鳶,71.50
鳳,42.70
麼,61.93-1
鼻,91.20
齊,60.22
億,91A.72-6
儀,91A.71-8
僻,91A.10-5
僵,91A.30-3
價,91A.80-3
儂,91A.02-2
儈,91A.41-8
儉,91A.81-8
凜,63A.01-6
劇,21S.00-2
劈,52.50
劉,90S.00-2
劍,81S.00-2
劊,81S.00-2
勰,91S.71-9
厲,51A.42-2
嘮,40A.50-9
嘻,40A.40-1
嘹,40A.01-1
嘲,40A.42-1
嘴,40A.42-2
嘩,40A.10-2
噓,40A.30-2
噎,40A.30-1
噗,40A.81-2
噴,40A.80-1
嘶,40A.22-2
嘯,40A.22-2
嘰,40A.71-9
墀,11A.10-5
墟,11A.30-2
增,11A.41-8
墳,11A.80-1
墜,32.11
墮,32.11
墩,11A.82-6
墦,11A.41-9
奭,12.81
嬉,93A.40-1
嬋,93A.10-3
嫵,93A.63-9
嬌,93A.42-6
嬈,93A.70-1
寮,62.01-1
寬,62.70-2
審,62.41-9
寫,62.50-9
層,52A.41-8
履,52A.82-9
嶝,21B.30-3
嶔,21.81
幢,22B.11-6
幟,22B.71-6
幡,22B.41-9
廢,61.82-3
廚,61.00-1
廟,61.42-1
廝,61.22-2
廣,61.80-2
廠,61.82-2
彈,50A.10-4
影,41S.91-9
德,91B.50-9
徵,91B.82-2
慶,61.82-2
慧,10.72
慮,21A.72
慝,51.72
慕,20A.02-4
憂,31.82
慼,71.72
慰,52.72
慫,91.72
慾,80.72
憧,22A.11-6
憐,22A.10-2
憫,22A.00-5
憎,22A.41-8
憬,22A.01-4
憚,22A.10-4
憤,22A.80-1
憔,22A.63-9
憮,22A.63-9
戮,50S.71-7
摩,61.00-1
摯,11.00
摹,20A.00-4
撞,10A.11-6
撲,10A.81-2
撈,10A.50-9
撐,10A.00-2
撰,10A.80-5
撥,10A.82-3
撓,10A.70-1
撕,10A.22-2
撩,10A.01-1
撒,10A.82-2
撮,10A.82-4
播,10A.41-9
撫,10A.63-9
撚,10A.63-9
撬,10A.70-9
撙,10A.00-8
撢,10A.10-3
撳,10A.81-8
敵,60S.82-9
敷,10S.82-9
數,22S.82-9
暮,20A.41-4
暫,10.41
暴,41.02
暱,41A.21-5
樣,10B.02-8
樟,10B.10-6
槨,10B.22-6
樁,10B.21-1
樞,10B.21-5
標,10B.01-3
槽,10B.41-2
模,10B.81-2
樓,10B.93-2
樊,10.81
槳,21.01
樂,93.01
樅,10B.83-9
槭,10B.71-7
歐,51S.81-9
歎,20S.81-9
殤,31S.50-9
毅,60S.82-4
毆,51S.82-4
漿,21.02
潼,63A.11-6
澄,63A.30-3
潑,63A.82-3
潦,63A.01-1
潔,63A.01-1
澆,63A.70-1
潭,63A.10-3
潮,63A.42-1
澎,63A.91-1
潺,63A.00-5
潰,63A.80-2
潤,63A.00-5
澗,63A.00-5
潘,63A.41-9
滕,42A.02-1
潯,63A.00-5
潟,63A.50-9
熟,60.63
熬,10.63
熱,11.63
熨,52.81
牖,91S.42-2
犛,10.10
獎,21.81
獗,91C.81-1
瑩,91.11
璋,31A.10-6
璃,31A.42-6
瑾,31A.11-2
璀,31A.11-2
畿,93.71
瘠,61A.42-9
瘩,61A.40-2
瘟,61A.30-4
瘤,61A.41-9
瘦,61A.82-2
瘡,61A.40-8
瘢,61A.82-9
皚,91S.22-9
皺,92S.81-9
盤,91.30
瞎,41B.40-6
瞇,41B.83-2
瞌,41B.30-1
瞑,41B.80-6
瞋,41B.80-2
磋,31B.30-8
磅,31B.50-6
確,31B.11-9
磊,31.40
碾,31B.02-5
磕,31B.30-1
碼,31B.50-5
磐,91.40
稿,90A.42-6
稼,90A.02-6
穀,11S.82-4
稽,90A.41
稷,90A.82-4
稻,90A.21-9
窯,62A.63-8
窮,62A.50-9
箭,92A.00-6
箱,92A.41-1
範,92A.70-1
箴,92A.71-7
篆,92A.02-8
篇,92A.42-6
篁,92A.11-9
箠,92A.11-8
篌,92A.80-9
糊,22C.42-1
締,93B.22-2
練,93B.00-9
緯,93B.10-2
緻,93B.82-3
緘,93B.71-7
緬,93B.41-2
緝,93B.10-2
編,93B.42-6
緣,93B.02-9
線,93B.02-6
緞,93B.82-9
緩,93B.82-9
緙,93B.02-9
緲,93B.91-2
緹,93B.83-2
罵,40.50
罷,41D.70-9
羯,80S.50-4
翩,63S.50-5
耦,10S.42-4
膛,42A.11-2
膜,42A.81-2
膝,42A.02-1
膠,42A.91-5
膚,21A.42
蔗,20A.63-6
蔽,20A.82-2
蔚,20A.00-5
蓮,20A.83-1
蔬,20A.70-3
蔭,20A.93-3
蔓,20A.82-4
蔑,20A.71-4
蔣,20A.00-2
蔡,20A.01-9
蔔,20A.50-9
蓬,20A.83-9
蔥,20A.72-9
蓿,20A.41-6
螂,22D.22-6
蝴,22D.42-1
蝶,22D.01-2
蝠,22D.41-3
蝦,22D.82-5
蝸,22D.42-4
蝨,32.93
蝙,22D.42-6
蝗,22D.11-9
蝌,22D.10-9
衛,91B.00-2
衝,91B.00-8
褐,63C.50-4
複,63C.82-9
褒,60.02
褓,63C.01-9
褊,63C.42-6
誼,60A.30-6
諒,60A.01-6
談,60A.81-9
諄,60A.00-6
誕,60A.83-9
請,60A.42-1
諸,60A.41-1
課,60A.01-4
諉,60A.93-9
諂,60A.21-9
調,60A.42-4
誰,60A.11-9
論,60A.42-8
諍,60A.00-9
誶,60A.10-6
誹,60A.22-2
諛,60A.81-9
豌,30S.70-6
豎,51.30
豬,31S.41-1
賠,41C.40-6
賞,22.80
賤,41C.71-7
賬,41C.02-5
賭,41C.41-1
賢,51.80
賣,11.80
賜,41C.50-4
質,90.80
賡,61.80-9
赭,11S.41-1
趟,11.83
趣,11.83
踐,40B.71-7
踝,40B.01-4
踢,40B.50-4
踏,40B.41-2
踟,40B.40-9
踡,40B.70-1
踞,40B.40-5
躺,91S.42-2
輝,22S.10-6
輛,10D.42-3
輟,10D.82-3
輩,22.10
輦,12.10
輪,10D.42-8
輜,10D.41-9
適,60.83
遮,61.83-2
遨,10.83
遭,20.83
遷,31.83
鄰,22S.22-3
鄭,80S.22-3
鄧,32S.23-3
鄱,90S.22-3
醇,31C.00-6
醉,31C.10-6
醋,31C.41-2
醃,31C.70-1
鋅,81A.10-6
銻,81A.22-8
銷,81A.42-2
鋪,81A.42-1
銬,81A.50-1
鋤,81A.50-4
鋁,81A.40-4
銳,81A.70-8
銼,81A.11-2
鋒,81A.10-9
鋇,81A.80-4
鋰,81A.11-4
銲,81A.10-4
閭,52B.00-4
閱,52B.00-8
霄,31D.42-2
霆,31D.83-9
震,31D.02-5
霉,31D.50-9
靠,10.22
鞍,20B.93-6
鞋,20B.11-1
鞏,31.10
頡,11S.80-3
颳,42.70
養,80.02
餓,81B.71-9
餒,81B.93-9
餘,81B.01-8
駝,51B.70-6
駐,51B.11-6
駟,51B.41-4
駛,51B.82-9
駑,93.50
駕,91.50
駒,51B.50-9
駙,51B.00-9
骷,42B.40-1
髮,51.82
鬧,52B.00-6
魅,91.70
魄,91S.70-9
魷,92C.50-6
魯,92.41
鴆,91S.50-9
鴉,51S.50-9
麩,10.83
麾,61.70-1
黎,90.02
墨,41.11
齒,21A.21
儒,91A.42-3
儘,91A.30-2
儔,91A.00-1
儐,91A.80-6
儕,91A.22-6
冀,22.80
冪,62.22-2
凝,63A.83-2
劑,60S.00-2
劓,91S.00-2
勳,90S.50-9
噙,40A.42-8
噫,40A.72-6
噹,40A.41-2
噩,31.30
噤,40A.01-1
噸,40A.80-1
噪,40A.01-4
器,40.40
噥,40A.02-2
噱,40A.02-2
噯,40A.82-9
噬,40A.30-9
噶,40A.50-2
壁,52.11
墾,91.11
壇,11A.30-6
壅,60.11
奮,12.41
嬴,60.70
學,90.00
寰,62.02-4
導,80.00
彊,50A.30-3
憲,62.72-1
憑,63.72
憩,90.72
憊,91.72
懍,22A.01-6
憶,22A.72-6
憾,22A.72-7
懊,22A.81-9
懈,22A.10-9
戰,40S.71-7
擅,10A.30-6
擁,10A.11-6
擋,10A.41-2
撻,10A.83-1
撼,10A.72-7
據,10A.02-2
擄,10A.50-2
擇,10A.10-4
擂,10A.41-3
操,10A.01-4
撿,10A.81-8
擒,10A.42-8
擔,10A.40-9
撾,10A.83-4
整,10.30
曆,51A.41-9
曉,41A.70-1
暹,41.83
曇,41.93
樽,10B.00-8
樸,10b.81-2
樺,10B.10-2
橙,10B.30-3
橫,10B.80-2
橘,10B.42-3
樹,10B.00-1
橄,10B.82-3
橢,10B.42-3
橡,10B.02-9
橋,10B.42-9
橇,10B.70-9
樵,10B.63-9
機,10B.71-9
橈,10B.70-1
歙,81S.81-9
歷,51A.30-9
氅,22.70
濂,63A.22-6
澱,63A.82-5
澡,63A.01-4
濃,63A.02-2
澤,63A.10-4
濁,63A.50-4
澧,63A.30-2
澳,63A.81-9
激,63A.82-9
澹,63A.40-9
澶,63A.30-6
澠,63A.70-4
熾,91D.70-9
燉,91D.81-9
燐,91D.10-2
燒,91D.63-9
燈,91D.30-3
燕,20.63
熹,11.63
燎,91D.01-1
燙,63.81
燜,91D.00-5
燃,91D.63-9
燄,92S.81-9
獨,91C.50-4
璜,31A.80-2
璣,31A.71-9
璘,31A.10-2
璟,31A.01-4
璞,31A.81-2
瓢,31S.83-9
甌,51S.70-3
甍,20A.70-4
瘴,61A.10-6
瘸,61A.42-9
瘺,61A.42-5
盧,21A.30
盥,90.30
瞠,41B.11-2
瞞,41B.42-2
瞟,41B.01-3
瞥,22.41
磨,61.40-1
磚,31B.00-1
磬,11.40
磧,31B.80-1
禦,91.01
積,90A.80-1
穎,21S.80-3
穆,90A.91-9
穌,92C.01-6
窺,62A.70-1
篙,92A.42-4
簑,92A.02-4
築,92A.01-3
篤,92A.50-5
篡,92A.93-2
篩,92A.22-9
篦,92A.70-9
糕,22C.63-8
糖,22C.40-6
縊,93B.30-5
縑,93B.22-8
縈,91.01
縛,93B.00-1
縣,41S.01-9
縞,93B.42-4
縝,93B.80-1
縉,93B.41-3
縐,93B.50-9
罹,41D.11-2
羲,80.71
翰,10S.50-8
翱,91S.50-5
翮,30S.50-5
耨,10S.01-5
膳,42A.40-8
膩,42A.71-7
膨,42A.91-1
臻,31S.01-1
興,90.80
艘,91S.81-9
艙,91S.40-5
蕊,20A.72-6
蕙,20A.72-1
蕈,20A.10-3
蕨,20A.81-5
蕩,20A.50-6
蕃,20A.41-9
蕉,20A.63-9
蕭,20A.22-2
蕪,20A.63-9
蕞,20A.82-4
螃,22D.50-6
螟,22D.80-6
螞,22D.50-5
螢,91.93
衡,91B.00-9
褪,63C.83-5
褲,63C.10-6
褥,63C.00-5
褫,63C.70-9
褡,63C.40-2
親,60S.70-4
覦,81S.70-4
諦,60A.22-6
諺,60A.91-6
諫,60A.01-1
諱,60A.10-2
謀,60A.01-2
諜,60A.01-2
諧,60A.41-2
諮,60A.40-9
諾,60A.40-2
謁,60A.50-4
謂,60A.42-4
諷,60A.70-4
諭,60A.00-8
諳,60A.41-6
諶,60A.21-2
諼,60A.82-9
豫,32S.02-9
豭,31S.82-9
貓,91S.41-2
賴,10S.80-5
蹄,40B.22-6
踱,40B.82-6
踴,40B.50-3
蹂,40B.01-3
踹,40B.42-2
踵,40B.11-9
輻,10D.41-3
輯,10D.10-4
輸,10D.00-8
輳,10D.81-9
辨,60S.10-9
辦,60S.10-9
遵,80.83
遴,22.83
選,52.83
遲,52A.83-2
遼,12.83
遺,22.83
醒,31C.11-4
錠,81A.83-6
錶,81A.02-1
鋸,81A.40-5
錳,81A.30-3
錯,81A.41-2
錢,81A.71-7
鋼,81A.42-4
錫,81A.50-4
錄,81A.02-9
錚,81A.00-9
錐,81A.11-9
錦,81A.22-9
錡,81A.00-1
錮,81A.41-4
錙,81A.41-9
閻,52B.00-9
隧,32A.83-8
隨,32A.83-1
險,32A.81-8
雕,42S.11-9
霎,31D.93-6
霑,31D.40-6
霖,31D.01-1
霍,31D.11-9
霓,31D.70-9
霏,31D.22-2
靛,10S.83-6
靜,10S.00-9
靦,31S.70-4
鞘,20B.42-2
頰,12S.80-3
頸,31S.80-3
頻,21S.80-3
頷,81S.80-3
頭,30S.80-3
頹,90S.80-3
頤,51S.80-3
餐,21A.02
館,81B.40-6
餞,81B.71-7
餛,81B.70-4
餡,81B.21-9
餚,81B.42-8
駭,51B.81-6
駢,51B.20-9
骸,42B.81-6
骼,42B.40-9
髻,51.40
髭,51.70
鬨,52B.00-2
鮑,92C.70-9
鴕,91S.70-6
鴣,10S.50-9
鴦,91.50
鴨,41S.50-9
鴒,81S.50-9
鴛,92.50
默,41S.81-1
黔,41S.32-8
龍,60S.70-2
龜,92.70
優,91A.82-3
償,91A.80-2
儡,91A.41-4
儲,91A.41-6
勵,51S.50-9
嚎,40A.02-6
嚀,40A.00-6
嚐,40A.41-2
嚅,40A.42-3
嚇,40A.00-1
嚏,40A.83-1
壕,11A.02-6
壓,51A.11-4
壑,21A.11
壎,11A.63-9
嬰,41.93
嬪,93A.80-5
嬤,93A.93-3
孺,32S.42-3
尷,12.70
屨,52A.93-9
嶼,21B.80-9
嶺,21.80
嶽,21.81
嶸,21B.01-9
幫,11.22
彌,50A.42-3
徽,91B.82-2
應,61.72-9
懂,22A.11-2
懇,91.72
懦,22A.42-3
懋,10.72
戲,21S.71-7
戴,11.71
擎,20.00
擊,10.00
擘,52.00
擠,10A.22-6
擰,10A.00-6
擦,10A.01-6
擬,10A.83-2
擱,10A.00-5
擢,10A.11-5
斂,81S.82-9
斃,22.70
曙,41A.41-4
曖,41A.82-9
檀,10B.30-6
檔,10B.41-2
檄,10B.82-9
檢,10B.81-8
檜,10B.41-8
櫛,10B.22-9
檣,10B.41-1
檗,52.01
檐,10B.40-9
檠,20.01
殮,31S.81-8
氈,60S.70-9
濘,63A.00-6
濱,63A.80-6
濟,63A.22-6
濠,63A.02-6
濛,63A.02-2
濤,63A.00-1
濫,63A.30-5
濯,63A.11-5
澀,63A.30-5
濬,63A.41-2
濡,63A.42-3
濩,63A.82-2
濕,63A.63-4
濮,63A.81-9
燧,91D.82-9
營,91.40
燮,91.82
燦,91D.01-2
燥,91D.01-3
燭,91D.50-4
燬,91D.82-9
燴,91D.41-5
燠,91D.81-9
爵,90.00
牆,11A.41-1
獰,91C.00-6
環,31A.02-4
璨,31A.01-2
癆,61A.50-9
療,61A.01-1
癌,61A.21-4
盪,63.30
瞳,41B.11-6
瞪,41B.30-3
瞰,41B.82-3
瞬,41B.10-9
瞧,41B.63-9
瞭,41B.01-1
矯,92S.41-8
磷,31B.10-2
磺,31B.80-2
磴,31B.30-3
磯,31B.71-9
礁,31B.63-9
禧,63B.40-1
禪,63B.10-4
穗,90A.72-1
窿,62A.11-3
簇,92A.81-2
簍,92A.91-5
篾,92A.70-9
篷,92A.83-9
簌,92A.81-1
糠,22C.02-6
糜,61.01-1
糞,22.80
糢,22C.81-2
糟,22C.41-2
糙,22C.83-1
糝,22C.91-9
縮,93B.41-5
績,93B.72-9
繆,93B.91-4
縷,93B.93-1
縲,93B.01-4
繃,93B.42-2
縫,93B.83-9
總,93B.72-9
縱,93B.83-9
繅,93B.01-9
繁,92.01
縴,93B.10-6
縹,93B.01-1
繈,93B.93-4
縵,93B.82-3
罄,11.21
翳,51.50
翼,50.80
聱,10.10
聲,11.10
聰,31S.72-9
聯,31S.22-9
聳,91.10
臆,42A.72-6
臃,42A.11-6
膺,61.42-9
臂,52.42
臀,52.42
膿,42A.02-2
膽,42A.40-9
臉,42A.81-8
膾,42A.41-8
臨,51S.40-1
舉,90.10
艱,20S.02-5
薪,20A.22-6
薄,20A.00-6
蕾,20A.41-3
薜,20A.10-5
薑,20A.30-3
薔,20A.41-1
薯,20A.41-4
薛,20A.10-9
薇,20A.82-9
薨,20A.70-4
薊,20A.00-9
虧,21S.50-3
蟀,22D.10-6
螳,22D.11-2
蟆,22D.81-2
螫,11.93
螻,22D.93-2
螺,22D.01-4
蟈,22D.41-4
蟋,22D.72-9
褻,60.02
褶,63C.41-5
襄,60.02
褸,63C.93-2
覬,21S.70-4
謎,60A.83-2
謗,60A.50-6
謙,60A.22-8
講,60A.42-2
謊,60A.70-2
謠,60A.21-9
謝,60A.00-9
謄,42A.40-1
謐,60A.30-6
豁,62S.40-8
谿,90S.40-8
豳,21.21
賺,41C.22-8
賽,62.80-2
購,41C.42-2
賸,42A.80-1
賻,41C.00-1
趨,11.83
蹉,40B.30-8
蹋,40B.50-4
蹈,40B.21-9
蹊,40B.81-9
轄,10D.40-6
輾,10D.02-5
轂,11S.82-4
轅,10D.02-1
輿,90.80
避,52.83
遽,21A.83
還,41D.83-3
邁,20A.83-4
邂,92.83
邀,91.83
醞,31C.30-4
醜,31C.70-9
鍍,81A.82-6
鎂,81A.81-8
錨,81A.41-2
鍵,81A.83-2
鍊,81A.01-1
鍥,81A.81-1
鍋,81A.42-4
錘,81A.11-9
鍾,81A.11-9
鍬,81A.81-9
鍛,81A.82-9
鍰,81A.82-9
鍔,81A.50-4
闊,52B.00-6
闋,52B.00-3
闌,52B.00-1
闈,52B.00-2
闆,52B.00-4
隱,32A.72-9
隸,10S.02-2
雖,40S.11-9
霜,31D.41-1
霞,31D.82-5
鞠,20B.50-9
韓,10S.10-2
顆,41S.80-3
颶,42.70
餵,81B.02-4
騁,51B.50-2
駿,51B.82-9
鮮,92C.10-4
鮫,92C.82-4
鮪,92C.42-1
鮭,92C.10-8
鴻,63A.50-3
鴿,81S.50-9
麋,61.01-2
黏,90S.40-2
點,41S.40-2
黜,41S.21-2
黝,41S.50-9
黛,91.63
鼾,91S.10-3
齋,60.22
叢,22.82
嚕,40A.41-9
嚮,93.41
壙,11A.80-6
壘,41.11
嬸,93A.41-5
彝,92.11
懣,63.72
戳,50S.71-7
擴,10A.80-6
擲,10A.22-8
擾,10A.82-3
攆,10A.10-1
擺,10A.70-4
擻,10A.82-2
擷,10A.80-1
斷,21S.22-9
曜,41A.11-5
朦,42A.02-2
檳,10B.80-6
檬,10B.02-2
櫃,10B.21-5
檻,10B.30-5
檸,10B.00-6
櫂,10B.11-5
檮,10B.00-1
檯,10B.11-1
歟,90S.81-9
歸,91S.22-5
殯,31S.80-6
瀉,63A.50-6
瀋,63A.41-6
濾,63A.72-2
瀆,63A.80-1
濺,63A.71-4
瀑,63A.02-4
瀏,63A.00-9
燻,91D.63-5
燼,91D.30-2
燾,11.63
獷,91C.80-4
獵,91C.70-9
璧,52.11
璿,31A.41-2
甕,60.70 
癖,61A.10-5
癘,61A.42-2
癒,61A.72-8
瞽,11.41
瞿,41.11
瞻,41B.40-9
礎,31B.83-1
禮,63B.30-2
穡,90A.41-1
穢,90A.71-2
穠,90A.02-2
竄,62A.70-9
竅,62A.82-9
簫,92A.22-2
簞,92A.10-3
簣,92A.80-2
糧,22C.02-6
織,93B.70-9
繕,93B.40-6
繞,93B.70-1
繚,93B.01-1
繡,93B.22-2
繒,93B.41-8
繙,93B.41-8
罈,92S.10-1
翹,11.70
翻,90S.50-5
職,31S.71-6
聶,31.10
臍,42A.22-6
臏,42A.80-6
舊,20A.21-9
藏,20A.71-7
薩,20A.11-3
藍,20A.30-5
藐,20A.70-9
藉,20A.41-1
薰,20A.63-9
薺,20A.22-6
薹,20A.11-1
薦,20A.50-6
蟯,22D.70-1
蟬,22D.10-4
蟲,22.93
蟠,22D.41-9
覆,31.82
覲,20S.70-4
觴,92B.50-9
謨,60A.81-2
謹,60A.11-2
謬,60A.91-5
謫,60A.42-6
豐,21.30
贅,10.80
蹙,71.83
蹣,40B.42-2
蹦,40B.42-2
蹤,40B.01-6
蹟,40B.80-1
蹕,40B.10-4
轍,10D.82-6
邇,31.83
邃,62A.83-8
邈,91.83
醫,51.41
醬,21.41
釐,10.11
鎔,81A.40-6
鎊,81A.50-6
鎖,81A.80-2
鎢,81A.50-9
鎳,81A.01-9
鎮,81A.80-2
鎬,81A.42-6
鎰,81A.30-8
鎘,81A.42-3
鎚,81A.83-9
鎗,81A.40-8
闔,52B.00-1
闖,52B.00-5
闐,52B.00-2
闕,52B.00-8
離,60S.11-9
雜,60S.11-9
雙,91.82
雛,92S.11-9
雞,90S.11-9
鞦,20B.81-9
鞭,20B.82-9
額,62S.80-3
顏,60S.80-3
題,41.83
顎,40S.80-3
顓,21S.80-3
颺,42.70
餾,81B.41-9
餿,81B.82-2
餽,81B.70-9
餮,31.02
馥,90S.82-9
騎,51B.00-1
髁,42B.01-4
鬃,51.01
鬆,51.93
魏,90S.70-9
魎,91.70
魍,91.70
鯊,63.63
鯉,92C.11-1
鯽,92C.22-8
鯈,91A.63-9
鯀,92C.01-9
鵑,40S.50-9
鵝,90S.50-9
鵠,10S.50-9
黠,41S.40-1
鼕,11.63
鼬,90.70
嚥,40A.63-2
壞,11A.02-6
壟,60.11
寵,62.70-6
龐,61.70-6
廬,61.30-2
懲,91.72
懷,22A.02-6
懶,22A.80-1
懵,22A.41-2
攀,10.00
攏,10A.70-6
曠,41A.80-6
曝,41A.02-4
櫥,10B.00-5
櫚,10B.00-5
櫓,10B.41-9
瀛,63A.70-6
瀟,63A.22-2
瀨,63A.80-1
瀚,63A.50-1
瀝,63A.30-5
瀕,63A.80-2
瀘,63A.30-2
爆,91D.01-9
爍,91D.01-9
牘,91S.72-9
犢,10C.80-1
獸,40S.81-1
獺,91C.71-7
璽,31.11
瓊,31A.82-9
瓣,60S.10-9
疇,41S.00-1
疆,50S.30-3
癟,61A.42-9
癡,61A.83-2
矇,41B.02-2
礙,31B.00-4
禱,63B.00-1
穫,90A.82-2
穩,90A.72-9
簾,92A.22-5
繫,10.01
繭,20A.42-4
繹,93B.10-4
繩,93B.70-4
繪,93B.41-8
羅,41D.11-9
繳,93B.82-9
羶,80S.30-6
羹,80.81
羸,60.70
臘,42A.70-9
藩,20A.41-6
藝,20A.93-1
藪,20A.82-2
藕,20A.42-1
藤,20A.02-4
藥,20A.01-9
藷,20A.41-6
蟻,22D.71-8
蠅,22D.70-4
蠍,22D.81-4
蟹,92.93
蟾,22D.40-9
襠,63C.41-2
襟,63C.01-1
襖,63C.81-9
襞,52.02
譁,60A.10-2
譜,60A.41-8
識,60A.71-6
證,60A.30-3
譚,60A.10-3
譎,60A.42-3
譏,60A.71-9
譙,60A.63-9
贈,41C.41-8
贊,10.80
蹼,40B.81-2
蹲,40B.00-8
躇,40B.41-2
蹶,40B.81-5
蹬,40B.30-3
蹺,40B.70-1
蹴,40B.70-6
轔,10D.10-2
轎,10D.42-9
辭,90S.10-6
邊,91.83
邋,93.83
醱,31C.82-3
醮,31C.63-9
鏡,81A.70-6
鏑,81A.42-6
鏟,81A.11-6
鏃,81A.81-6
鏈,81A.83-1
鏜,81A.11-2
鏝,81A.82-4
鏖,61.30-2
鏢,81A.01-3
鏘,81A.00-2
鏤,81A.93-2
鏗,81A.11-5
鏨,10.30
關,52B.00-9
隴,32A.70-6
難,20S.11-9
霪,31D.11-6
霧,31D.50-3
靡,61.22-1
韜,22S.21-9
韻,60S.80-4
類,22S.80-3
願,51S.80-3
顛,10S.80-3
颼,42.70
饅,81B.82-4
饉,81B.11
騖,32.50
騙,51B.42-6
鬍,51.42
鯨,92C.01-3
鯧,92C.41-1
鯖,92C.41-8
鯛,92C.42-1
鶉,60S.50-9
鵡,71S.50-9
鵲,20S.50-9
鵪,12S.50-9
鵬,42A.50-4
麒,61S.80-2
麗,30.70
麓,10.70
麴,10.83
勸,20S.50-9
嚨,40A.70-6
嚷,40A.02-6
嚶,40A.93-4
嚴,40.82
嚼,40A.00-9
壤,11A.02-6
孀,93A.41-2
孃,93A.02-5
孽,20A.00-9
寶,62.11-3
巉,21B.70-9
懸,41.72
懺,22A.71-8
攘,10A.02-6
攔,10A.00-5
攙,10A.70-9
曦,41A.71-8
朧,42A.70-6
櫬,10B.70-6
瀾,63A.00-5
瀰,63A.42-5
瀲,63A.82-8
爐,91D.30-2
獻,21S.81-1
瓏,31A.70-6
癢,61A.02-8
癥,61A.82-9
礦,31B.80-6
礪,31B.42-5
礬,10.40
礫,31B.01-9
竇,62A.80-1
競,60S.70-6
籌,92A.00-1
籃,92A.30-5
籍,92A.41-1
糯,22C.42-3
糰,22C.41-4
辮,60S.10-9
繽,93B.80-6
繼,93B.21-2
纂,92A.01-3
罌,41.21
耀,22S.11-5
臚,42A.30-2
艦,91S.30-5
藻,20A.01-6
藹,20A.50-6
蘑,20A.40-6
藺,20A.00-5
蘆,20A.30-2
蘋,20A.80-2
蘇,20A.01-9
蘊,20A.30-9
蠔,22D.02-6
蠕,22D.42-3
襤,63C.30-5
覺,90.70
觸,92B.42-2
議,60A.71-8
譬,52.40
譯,60A.10-4
譟,60A.01-4
譫,60A.40-9
贏,60.70
贍,41C.40-9
躉,20A.83-4
躁,40B.01-4
躅,40B.50-4
躂,40B.83-1
醴,31C.30-2
釋,90S.10-4
鐘,81A.11-6
鐃,81A.70-1
鏽,81A.22-2 
闡,52B.00-4
霰,31D.82-2
飄,31S.70-4
饒,81B.70-1
饑,81B.71-9
馨,11.41
騫,62.50-2
騰,42A.50-1
騷,51B.93-3
鰍,92C.81-5
鹹,21S.71-7
麵,10.83
黨,22.63
鼯,90.70
齟,21S.30-4
齣,21S.50-9
齡,21S.22-8
儷,91A.70-3
儸,91A.11-4
囁,40A.10-3
囀,40A.00-1
囂,40.40
夔,20A.82-2
屬,52A.50-2
巍,21.70
懼,22A.11-4
懾,22A.10-3
攝,10A.10-3
攜,10A.42-2
斕,60S.00-5
曩,41.02
櫻,10B.93-4
欄,10B.00-5
櫺,10B.40-3
殲,31S.71-8
灌,63A.11-2
爛,91D.00-5
犧,10C.71-8
瓔,31A.93-4
癩,61A.80-1
矓,41B.70-6
纏,93B.11-4
續,93B.80-1
羼,52A.10-8
蘗,20A.01-5
蘭,20A.00-5
蘚,20A.10-9
蠣,22D.42-5
蠢,12.93
蠡,92.93
蠟,22D.70-9
襪,63C.71-2
襬,63C.70-4
覽,51.70
譴,60A.83-2
護,60A.82-2
譽,90.40
贓,41C.71-7
躊,40B.00-1
躍,40B.11-5
躋,40B.22-6
轟,10.10
辯,60S.10-6
醺,31C.63-9
鐮,81A.22-6
鐳,81A.41-3
鐵,81A.71-1
鐺,81A.41-2
鐸,81A.10-4
鐲,81A.50-4
鐫,81A.42-9
闢,52B.00-5
霸,31D.42-2
霹,31D.10-5
露,31D.40-4
響,40A.42-9
顧,63S.80-3
顥,41S.80-3
饗,93.02
驅,51B.21-5
驃,51B.01-3
驀,20A.50-4
騾,51B.01-4
髏,42B.93-2
魔,61.70-1
魑,91.70
鰭,92C.40-9
鰥,92C.01-9
鶯,91.50
鶴,91S.50-9
鷂,92S.50-9
麝,61.00-2
黯,41S.41-6
鼙,11.10
齜,21S.70-2
齦,21S.02-5
齧,10.21
儼,91A.82-3
儻,91A.63-2
囈,40A.93-2
囊,10.02
囉,40A.11-4
孿,93.00
巔,21.80
巒,93.20
彎,93.50
懿,11S.72-6
攤,10A.11-2
權,10B.11-2
歡,20S.81-9
灑,63A.70-3
灘,63A.11-2
瓤,60S.83-9
疊,32.30
癮,61A.72-3
癬,61A.10-9
禳,63B.02-6
籠,92A.70-5
籟,92A.80-1
聾,60.10
聽,31S.72-1
臟,42A.71-2
襲,60.02
襯,63C.70-6
讀,60A.80-1
贖,41C.80-1
躑,40B.22-8
躓,40B.80-9
轡,93.40
酈,30S.22-3
鑄,81A.00-1
鑑,81A.30-5
鑒,51.30
霽,31D.22-6
霾,31D.11-9
韁,20B.30-3
顫,60S.80-3
饕,40.02
驕,51B.42-9
驍,51B.70-1
髒,42B.20-2
鬚,51.80
鱉,22.63
鰱,92C.82-9
鰾,92C.01-2
鰻,92C.82-3
鷓,61S.50-9
鷗,51S.50-9
鼴,90.70
齬,21S.40-3
齪,21S.83-4
龔,60.80
囌,40A.01-2
巖,21.82
戀,93.72
攣,93.00
攫,10A.82-4
攪,10A.70-9
曬,41A.70-3
瓚,31A.80-1
竊,62A.42-9
籤,92A.71-7
籥,92A.42-6
纓,93B.93-3
纖,93B.71-7
纔,93B.70-9
臢,42A.80-1
蘸,20A.63-3
蘿,20A.11-4
蠱,22.30
變,93.82
邐,30.83
邏,41D.83-9
鑣,81A.63-6
鑠,81A.01-9
靨,51A.41-4
顯,41S.80-3
饜,51A.02-4
驚,20.50
驛,51B.10-4
驗,51B.72-8
髓,42B.83-1
體,42B.30-2
髑,42B.50-4
鱔,92C.40-8
鱗,92C.02-4
鱖,92C.72-4
麟,61S.10-2
黴,91B.82-2
囑,40A.50-5
壩,11A.42-3
攬,10A.70-5
灞,63A.42-3
癱,61A.11-2
癲,61A.80-2
矗,10.30
罐,92S.11-2
羈,41D.50-2
蠶,51.93
蠹,10.93
衢,91B.00-4
讓,60A.02-6
讒,60A.70-9
讖,60A.71-7
艷,21S.70-9
贛,60S.80-9
釀,31C.02-6
鑪,81A.30-2
靂,31D.30-5
靈,31D.30-4
靄,31D.50-6
韆,20B.83-3
顰,21A.10
驟,51B.02-3
鬢,51.80
魘,51A.70-4
鱟,90.63
鷹,61.50-9
鷺,40.50
鹼,21S.81-8
鹽,51.30
鼇,10.70
齷,21S.11-5
齲,21S.42-9
廳,61.72-3
欖,10B.70-5
灣,63A.50-9
籬,92A.11-5
籮,92A.11-1
蠻,93.93
觀,20S.70-4
躡,40B.10-3
釁,90.50
鑲,81A.02-6
鑰,81A.42-8
顱,21S.80-3
饞,81B.70-9
鬣,51.70
黌,90.80
矚,41B.50-5
讚,60A.80-1
鑷,81A.10-3
韉,20B.50-2
驢,51B.30-2
驥,51B.80-2
纜,93B.70-5
讜,60A.63-2
躪,40B.00-2
釅,31C.82-4
鑽,81A.80-1
鑾,93.22
鑼,81A.11-4
鱷,92C.30-3
鱸,92C.22-9
黷,41S.80-1
豔,21S.30-1
鑿,22.30
鸚,41S.50-9
爨,90.81
驪,51B.70-3
鬱,10.91
鸛,20S.50-9
鸞,93.50
碁,20.40
乂,82.82
乜,22.70
厂,51A.91-5
万,31.50
亍,30.00
冇,12.42
与,21A.50
仂,91A.50-9
卬,90S.22-5
殳,42.82
毌,41.41-1
爿,21.22
仨,91A.30-3
仡,91A.70-9
仝,81.30
匜,51.21-2
卌,22.22
圣,32.11
夯,12.50
宄,62.70-9
尻,52A.70-9
庀,61.70-2
忉,22A.50-5
汃,63A.80-8
仵,91A.10-9
价,91A.22-8
伈,91A.72-6
刓,30S.00-2
匟,51.21-6
卍,50.21
囡,41.41-9
囟,91.41
圮,11A.70-5
奼,93A.70-9
孖,32S.00-3
尥,12.70
庄,61.11-1
异,52.20
扞,10A.10-3
扦,10A.10-9
扢,10A.70-9
扠,10A.82-3
旯,41.70
旮,91.41
汆,81.02
汊,63A.82-3
汔,63A.70-9
犴,91C.02-6
玎,31A.00-3
甪,91.42
网,42.42
艸,22.22
邗,31S.22-3
邛,31S.22-3
阣,32A.70-9
伻,91A.10-3
佢,91A.21-5
体,91A.10-1
伾,91A.30-3
佟,91A.63-9
佘,81.01
劭,50S.50-9
卣,21A.41
吪,40A.70-9
吽,40A.10-1
囮,41.41-9
坌,80.11
妗,93A.30-6
尨,12.70
尪,12.70
庋,61.82-1
弝,50A.70-5
忒,71.71
忑,31.72
忐,21A.72
忭,22A.22-6
忮,22A.82-1
忡,22A.22-2
忤,22A.10-9
忻,22A.22-9
怀,22A.01-3
抃,10A.22-6
抎,10A.93-3
抔,10A.22-3
攷,31S.82-9
杅,10B.00-3
杕,10B.81-1
杌,10B.70-3
杈,10B.82-3
氙,92.70
沏,63A.50-1
汩,63A.41-4
沚,63A.30-2
汭,63A.42-8
牣,10C.50-5
狃,91C.30-4
犺,91C.70-5
玕,31A.10-3
町,41S.00-3
疔,61A.00-3
皁,91.10
肐,42A.70-9
芎,20A.50-5
芊,20A.10-9
芃,20A.70-4
芄,20A.70-9
邠,80S.22-3
阨,32A.70-5
阯,32A.30-2
侘,91A.70-6
佼,91A.82-5
侉,91A.50-1
侄,91A.11-3
侗,91A.42-4
侜,91A.42-9
侔,91A.10-9
刵,31S.00-2
刲,11S.00-2
刳,12S.00-2
刱,80S.50-5
呿,40A.93-1
咁,40A.41-2
咑,40A.00-1
咂,40A.21-2
呫,40A.40-2
呦,40A.50-9
咍,40A.40-9
呣,40A.50-5
囹,41.41-8
坯,11A.30-3
坰,11A.42-4
坵,11A.30-9
坻,11A.71-9
坳,11A.50-9
坨,11A.70-6
姌,93A.42-2
孥,92S.93-9
宓,62.72-6
宕,62.40-3
屄,52A.80-6
岵,21B.40-1
岬,21B.22-4
岧,21.40
帔,22B.82-2
帙,22B.81-1
弢,50A.82-2
彔,92.01
徂,91B.30-3
怦,22A.10-3
怙,22A.40-1
怗,22A.40-2
怍,22A.22-9
怓,22A.82-9
戔,71.71
戽,63D.10-1
拑,10A.41-2
拊,10A.00-9
抻,10A.22-2
昉,41A.50-6
旻,41.82
昃,41.81
枒,10B.00-5
枘,10B.42-8
枌,10B.50-8
枟,10B.93-3
殀,31.81-9
氝,92.70
沓,22.41
泫,63A.93-6
泮,63A.10-2
泔,63A.41-2
沭,63A.01-1
泐,63A.50-3
泂,63A.42-4
泲,63A.22-2
沴,63A.91-8
炘,91D.21-9
狉,91C.30-3
狒,91C.11-4
玦,31A.81-9
畀,41.22
疘,61A.30-3
盱,41B.00-3
矻,31B.70-9
竻,92A.50-5
肏,81.42
肸,42A.10-8
肭,42A.42-8
芫,20A.70-3
芮,20A.42-8
芼,20A.70-9
芨,20A.82-3
芡,20A.81-9
芩,20A.32-8
虯,22D.22-2
迓,51.83
迍,10.83
迕,92.83
邯,20S.22-3
邳,31S.22-3
邰,93S.11-9
阽,32A.40-2
阼,32A.22-9
俍,91A.02-6
俅,91A.02-1
俔,91A.70-4
俜,91A.50-2
俛,91A.70-9
剄,31S.00-2
剉,22S.00-2
咺,40A.30-3
咭,40A.40-1
咥,40A.11-3
哏,40A.02-5
咷,40A.70-2
哆,40A.32-9
咼,42.42
呲,40A.70-2
垞,11A.70-6
垤,11A.11-3
垝,11A.70-9
奓,12.32
姱,93A.42-9
姝,93A.01-1
姽,93A.70-9
屌,52A.22-4
峋,21B.50-9
巹,32.70
帡,22B.20-9
帢,22B.40-8
帤,93.22
庥,61.01-9
彖,21.02
怹,91.72
恓,22A.41-3
恇,22A.21-5
恌,22A.70-2
恂,22A.50-9
扃,63D.42-4
拏,93.00
拶,10A.32-9
敁,21S.82-2
昶,63.83
昵,41A.70-5
昺,41.42
朏,42A.21-2
朐,42A.50-9
柜,10B.21-5
柘,10B.40-3
枷,10B.40-9
枵,10B.50-4
枳,10B.80-4
柷,10B.70-4
柮,10B.21-2
枹,10B.70-9
柰,10.01
枲,93.00
殂,31S.30-4
殄,31S.91-8
毖,21A.72
毘,41.70
氡,92.70
洟,63A.81-1
洒,63A.41-3
泚,63A.70-2
洳,63A.40-9
洄,63A.41-4
洙,63A.01-1
洚,63A.10-9
洑,63A.81-9
洏,63A.42-3
炷,91D.11-5
炱,93.81
炰,92.63
狨,91C.70-9
玅,60S.91-2
珂,31A.00-3
瓮,81.70
畇,41S.50-9
疧,61A.71-9
眈,41B.70-9
眄,41B.50-3
眊,41B.70-9
盻,41B.50-8
矧,92S.22-5
砑,31B.00-5
砒,31B.70-2
砉,10.40
祅,63B.81-9
秕,90A.70-2
秖,90A.71-9
窀,62A.70-1
竑,60S.93-1
籹,22C.93-9
紈,93B.70-6
罘,41D.22-3
耎,31.81
耔,10S.00-3
耷,12.10
胠,42A.93-1
胈,42A.82-1
胙,42A.22-9
胕,42A.00-9
胏,42A.22-2
胗,42A.91-8
臿,90.21
舡,91S.30-2
苾,20A.72-6
苹,20A.10-3
茇,20A.82-1
茀,20A.22-2
苕,20A.40-5
苫,20A.40-2
苴,20A.30-4
苡,20A.81-2
苻,20A.00-9
苶,20A.01-8
苤,20A.30-3
苺,20A.50-4
虼,22D.70-9
衎,91B.00-3
衩,63C.82-3
訇,92.50
迮,92.83
郅,31S.22-3
郇,92S.22-2
釔,81A.70-3
釓,81A.70-2
倅,91A.10-6
俵,91A.02-1
倷,91A.01-1
倬,91A.10-2
俶,91A.82-2
倜,91A.42-4
凊,63A.42-1
剡,91S.00-2
剞,12S.00-2
剟,32S.00-3
勍,60S.50-9
唦,40A.91-6
哢,40A.20-3
唗,40A.83-1
唚,40A.82-5
唄,40A.80-4
唅,40A.40-8
圂,41.41-3
埒,11A.00-9
埆,11A.42-9
宭,62.40-5
帨,22B.70-8
庬,61.70-1
恝,10.72
恚,11.72
恧,31.72
恁,91.72
悢,22A.02-6
悒,22A.70-4
悁,22A.42-4
悃,22A.41-4
悕,22A.22-8
悛,22A.82-9
扆,63D.02-6
捄,10A.02-1
捅,10A.42-3
捃,10A.40-5
挹,10A.70-4
捋,10A.00-9
挼,10A.93-9
旆,60S.22-9
旃,60S.42-9
旄,60S.70-9
旂,60S.22-9
晟,41.71
桉,10B.93-6
栲,10B.50-1
栳,10.B.70-1
栖,10B.41-3
栵,10B.00-3
桎,10B.11-3
桄,10B.70-2
栴,10B.42-9
栝,10B.40-9
栒,10B.50-9
欬,60S.81-9
毧,90.70
浣,63A.70-6
浡,63A.00-1
浼,63A.70-9
涂,63A.01-8
涘,63A.81-9
烜,91D.30-2
烝,32.63
缹,92.63
牂,21S.10-8
狺,91C.30-5
狴,91C.10-9
狻,91C.82-9
猁,91C.00-6
珥,31A.10-3
珧,31A.70-2
珩,31A.00-9
瓴,81S.70-3
甡,10S.11-1
畛,41S.91-8
痁,61A.40-2
痄,61A.22-9
痀,61A.50-9
疿,61A.22-2
眛,41B.01-1
眙,41B.40-9
眚,10.41
眢,92.41
砮,93.40
祛,63B.93-1
祜,63B.40-1
祓,63B.82-1
秫,90A.01-1
秭,90A.22-2
窆,62A.83-9
窅,62A.41-4
笄,92A.20-3
笓,92A.70-1
笏,92A.50-9
笈,92A.82-2
笊,92A.83-2
粑,22C.70-5
紝,93B.11-6
紘,93B.91-8
紓,93B.00-3
罡,41D.30-3
羖,80S.82-4
翃,12S.50-5
茭,20A.82-6
荑,20A.81-1
茜,20A.41-3
茛,20A.02-5
茼,20A.42-4
荍,20A.82-2
茖,20A.40-9
茯,20A.81-9
荅,20A.40-8
蚨,22D.81-1
蚍,22D.70-2
蚑,22D.82-1
蚋,22D.42-8
蚡,22D.50-8
蚧,22D.22-8
蚕,31.93
蚘,22D.70-1
衄,91S.30-5
衵,63C.41-4
衲,63C.42-8
衿,63C.32-8
衾,81.02
訒,60A.50-5
豇,30S.30-3
豻,91S.10-3
趵,40B.50-9
适,90.83
迻,92.83
逄,92.83
郛,90S.22-3
郗,82S.22-3
郤,80S.22-3
酎,31C.00-1
釕,81A.00-3
釢,81A.50-3
陟,32A.91-2
隼,91.10
鬯,21.70
偪,91A.41-3
偲,91A.72-4
偈,91A.50-4
剮,42S.00-2
勖,41S.50-9
匭,51.21-1
啵,40A.82-6
唼,40A.93-6
啍,40A.00-6
啐,40A.10-6
唪,40A.10-1
啑,40A.83-1
唵,40A.70-1
啥,40A.40-8
圊,41.41-1
圇,41.41-8
埜,10.11
埴,11A.30-1
堀,11A.21-5
埽,11A.22-5
埸,11A.50-4
堋,11A.42-4
埏,11A.83-9
堇,20.11
堄,11A.70-9
婭,93A.22-9
婥,93A.02-6
婗,93A.70-9
寁,62.83-1
寀,62.01-9
屙,52A.00-3
崚,21B.82-1
崦,21B.70-1
崒,21.10
庳,61.10-9
弸,50A.42-4
悾,22A.30-6
惓,22A.70-1
惙,22A.82-3
惝,22A.42-2
悱,22A.22-2
惛,22A.41-9
挲,63.00
掊,10A.40-6
掂,10A.40-6
捽,10A.10-6
掭,10A.02-9
掗,10A.30-3
掎,10A.00-1
捯,10A.00-3
掇,10A.82-3
掐,10A.21-9
据,10A.40-5
掯,10A.42-2
捵,10A.80-2
捭,10A.10-9
掮,10A.42-6
捼,10A.93-9
晡,41A.42-1
朘,42A.82-9
桮,10B.40-3
桯,10B.11-4
梣,10B.32-2
桵,10b.93-9
桴,10B.00-9
梲,10B.70-8
梏,10B.40-1
桼,10.02
桫,10B.91-6
桲,10B.00-1
梠,10B.40-4
欷,82S.81-9
欸,93S.70-9
殍,31S.00-9
氪,92.70
淀,63A.83-6
涳,63A.30-6
淢,63A.71-7
淟,63A.80-2
淖,63A.10-2
淥,63A.02-9
淝,63A.70-4
淰,63A.72-8
烺,91D.02-4
焐,91D.40-1
牾,10C.40-3
牻,10C.70-1
牼,10C.30-3
猝,91C.10-3
猗,91C.00-1
猇,91C.70-1
猘,91B.83-8
猊,91C.70-6
猈,91C.10-6
猞,91C.40-6
琇,31A.50-9
琀,31A.40-8
痒,61A.10-8
痌,61A.42-4
眯,41B.01-2
眽,41B.02-9
眥,21A.41
眵,41B.32-9
硌,31B.40-9
硅,31B.11-1
祧,63B.70-2
离,60.42
筇,92A.22-2
笥,92A.50-4
笢,92A.71-4
笤,92A.40-4
笳,92A.40-8
笪,92A.30-3
笱,92A.50-9
笫,92A.21-5
笭,92A.50-9
笯,92A.82-9
笸,92A.21-5
粘,22C.40-2
紵,93B.00-5
紽,93B.70-6
紺,93B.41-2
紬,93B.41-1
絁,93B.70-9
紾,93B.91-5
紿,93B.40-9
罣,41D.11-1
羝,80S.71-9
翊,60S.50-5
聃,31S.42-2
脘,42A.70-6
脛,42A.30-3
脬,42A.00-9
脞,42A.11-2
舸,91S.00-2
舳,91S.41-1
舴,91S.22-5
舲,91S.63-6
艴,22S.70-9
莨,20A.02-6
荳,20A.30-3
莕,20A.40-1
莩,20A.00-9
荽,20A.93-9
莛,20A.83-9
莪,20A.71-9
虖,21A.00
蚰,22D.41-2
衒,91B.00-4
袪,63C.93-1
袗,63C.91-8
袤,60.02
豝,31S.70-5
跂,40B.82-1
趹,40B.81-9
趿,40B.82-3
逋,10.83
逑,10.83
逌,21A.83
逡,93.83
郯,91S.22-3
郪,10S.22-3
郫,91S.22-3
酖,31C.70-9
酘,31C.82-4
釤,81A.91-9
釹,81A.93-9
釷,81A.11-1
閈,52B.00-3
靪,20B.00-3
頄,91S.80-1
馗,91.70
傜,91A.21-9
喑,40A.41-6
喨,40A.70-6
喭,40A.91-6
啷,40A.22-6
喢,40A.21-9
喈,40A.41-2
喏,40A.40-2
喵,40A.41-2
喁,40A.42-4
喣,40.63
喒,40A.41-9
喤,40A.11-9
啽,40A.20-8
喦,40.21
喎,40A.42-4
堙,11A.11-3
堞,11A.01-2
埵,11A.11-9
堿,11A.71-7
奡,31.22
媯,93A.50-6
媟,93A.01-2
婺,32.93
媢,93A.41-4
媕,93A.20-3
媮,93A.00-8
嵫,21B.93-2
嵁,21B.21-2
嵎,21B.42-4
崽,21.72
嵂,21.10
幄,22B.11-5
彘,21.70
惄,21A.72
愔,22A.41-6
惲,22A.10-6
愊,22A.41-3
惸,22A.00-9
愐,22A.41-3
掰,90S.00-8
揎,10A.30-6
撝,10A.50-9
揳,10A.81-1
揠,10A.21-5
揶,10A.22-3
揕,10A.21-2
掾,10A.02-9
揝,10A.41-9
揜,10A.20-8
揄,10A.00-8
揌,10A.72-4
攲,12S.82-1
敪,32S.82-2
斌,60S.71-7
斝,40.10
斮,20S.22-9
旐,60S.70-9
旒,60S.70-9
晬,41A.10-6
晻,41A.70-1
椌,10B.30-6
棬,10B.70-1
椏,10B.30-3
棖,10B.02-5
椈,10B.50-9
椑,10B.10-9
棼,10.50
棨,63.01
欹,12S.81-9
欻,91S.80-3
殽,82S.82-4
毳,90.70
淼,22.02
渼,63A.81-8
湞,63A.80-2
湱,63A.40-1
湫,63A.81-9
湓,63A.30-8
焠,91D.10-2
焮,91D.81-2
牋,91S.71-2
猋,12.81
猱,91C.01-1
琬,31A.70-6
琫,31A.10-1
琖,31A.71-7
琱,31A.42-4
琤,31A.00-9
畯,41S.82-9
畬,81.41
痧,61A.91-6
痡,61A.42-1
痗,61A.50-9
睇,41B.22-8
睍,41B.70-4
矞,32.42
矬,92S.10-3
硠,31B.02-6
硤,31B.81-1
硜,31B.30-3
确,31B.42-9
稂,90A.02-6
稊,90A.22-8
竦,60S.01-1
筊,92A.82-3
筌,92A.11-6
粢,63.01
絖,93B.70-2
絪,93B.41-4
絏,93B.71-6
絜,10.01
絎,93B.00-6
缾,92S.11-9
罦,41D.00-9
羢,80S.71-7
胾,11.71
胔,21A.42
腊,42A.41-2
菹,20A.30-6
菫,20A.11-2
萁,20A.80-2
菘,20A.93-1
菡,20A.21-3
菖,20A.41-4
菉,20A.02-9
萆,20A.10-9
菇,20A.40-9
菑,20A.41-9
菢,20A.70-1
菾,20A.02-9
蛩,31.93
蛑,22D.10-9
衈,91S.10-2
衖,91B.00-1
衕,91B.00-4
裀,63C.41-4
袷,63C.40-8
裉,63C.02-5
覘,21S.70-4
觝,92B.70-2
觚,92B.71-9
詎,60A.21-5
詗,60A.42-4
詘,60A.21-2
詒,60A.40-9
詈,41D.40-6
貺,41C.70-4
貰,21.80
趄,11.83
跖,40B.40-3
跏,40B.40-9
跗,40B.00-9
軺,10D.40-5
軫,10D.91-8
逭,62.83-4
逯,92.83
鄆,62S.22-3
酡,31C.70-6
酤,31C.40-1
酢,31C.22-9
鈁,81A.50-6
鈥,81A.81-9
鈦,81A.81-1
鈀,81A.70-5
釿,81A.22-9
鈧,81A.70-6
隈,32A.02-4
隃,32A.00-8
雱,31D.50-6
雰,31D.50-8
頇,31S.80-3
飫,81B.81-9
黹,22.42
僄,91A.01-3
僊,91A.70-3
傴,91A.21-5
僂,91A.91-9
傺,91A.01-9
僉,81.81
剺,10.50
嗛,40A.22-8
嗌,40A.30-8
嗐,40A.40-6
嗝,40A.42-3
嗔,40A.80-2
嗄,40A.82-3
嗩,40A.80-2
嗒,40A.40-2
嗢,40A.30-4
嗙,40A.50-6
塓,11A.80-6
塏,11A.30-2
塍,42A.11-1
壼,11.30
嫋,93A.50-4
媺,93A.82-1
媸,93A.91-9
媵,42A.93-1
媿,93A.70-9
媻,91.93
寖,62.82-6
寘,62.80-2
尟,41.83
嵊,21B.01-9
嵬,21.70
幎,22B.81-6
廌,61.50-2
廋,61.82-2
彀,11S.82-4
徯,91B.72-1
徭,91B.11-9
惷,12.72
慊,22A.22-8
愫,22A.01-1
慆,22A.21-9
戤,32S.71-7
搐,10A.41-6
搒,10A.50-6
搉,10A.11-6
搠,10A.42-8
搤,10A.30-8
搕,10A.30-1
搘,10A.41-1
搢,10A.41-3
搌,10A.02-5
搦,10A.50-5
搰,10A.42-4
搨,10A.50-4
搵,10A.30-4
搯,10A.21-9
搊,10A.50-9
摀,10A.50-9
搥,10A.83-9
搧,10A.50-6
搋,10A.70-9
搛,10A.22-8
搡,10A.01-3
搎,10A.01-3
斒,60S.42-6
暌,41A.81-3
暋,52.41
楦,10B.30-6
楟,10B.00-6
椿,10B.41-1
椹,10B.21-2
楂,10B.30-1
椽,10B.02-9
楥,10B.82-9
棰,10B.11-9
楸,10B.81-9
楩,10B.82-9
楯,10B.41-9
椷,10B.71-7
歆,60S.81-9
歃,90S.81-9
歈,81S.81-9
殛,31S.30-3
毹,81S.70-9
溏,63A.40-6
溟,63A.80-6
溱,63A.01-1
溽,63A.00-5
溷,63A.41-4
溲,63A.82-2
滃,63A.50-8
煇,91D.10-6
煒,91D.10-2
煣,91D.01-2
煠,91D.01-2
煢,91.70
煲,91.81
犍,10C.83-2
猻,91C.01-3
獉,91C.00-9
瑊,31A.71-7
瑋,31A.10-2
瓿,60S.70-3
畹,41S.70-6
瘏,61A.41-1
瘃,61A.02-3
痾,61A.00-3
痼,61A.41-4
痹,61A.22-4
瘐,61A.81-9
痭,61A.42-4
皙,10.41
盝,92.22
睟,41B.10-6
睚,41B.11-5
睩,41B.02-9
碇,31B.83-6
碡,31B.50-1
稑,90A.11-1
稗,90A.10-9
窣,62A.10-6
筭,92A.11-9
筴,92A.80-8
筩,92A.42-1
筥,92A.40-2
筳,92A.83-9
筱,92A.82-6
筣,92A.00-8
粲,21A.01
綈,93B.22-6
綆,93B.82-2
綍,93B.00-1
絿,93B.01-9
綅,93B.82-4
絺,93B.22-8
綃,93B.41-9
綌,93B.40-8
罨,41D.70-1
翛,91A.50-9
耡,10S.50-4
腤,42A.41-6
腠,42A.81-1
腷,42A.41-3
腩,42A.42-1
腡,42A.42-4
艄,91S.41-9
葶,20A.00-6
葑,20A.00-1
葧,20A.50-1
葍,20A.41-3
葚,20A.21-2
葳,20A.71-7
葺,20A.10-4
葸,20A.72-4
萩,20A.81-9
萹,20A.42-6
葎,20A.10-9
葒,20A.30-9
葯,20A.50-9
蜋,22D.02-6
蛺,22D.81-1
蜉,22D.00-9
蜍,22D.01-8
裎,63C.11-4
裛,60.02
裌,63C.81-1
觥,92B.50-9
誆,60A.21-5
詡,60A.50-5
誄,60A.01-1
詵,60A.70-1
貅,91S.01-4
趑,11.83
趍,11.83
趔,11.83
跬,40B.11-1
跐,40B.70-2
跩,40B.71-7
跣,40B.70-1
跫,31.83
跴,40B.41-3
軿,10D.20-9
輅,10D.40-9
輇,10D.11-8
輈,10D.42-9
遒,80.83
遄,21.83
遉,21A.83
鄔,91S.22-3
鉈,81A.70-6
鈺,81A.11-3
鉦,81A.30-3
鈳,81A.00-3
鉞,81A.71-7
銃,81A.70-6
鈮,81A.70-5
鉭,81A.30-4
鉬,81A.41-4
鉏,81A.30-4
鉲,81A.22-2
閟,52B.00-6
隗,32A.70-9
雎,41S.11-9
雺,31D.00-3
靳,20B.22-9
靷,20B.22-5
靸,20B.82-3
頏,60S.80-3
頎,90S.80-3
飶,81B.72-6
骫,42B.70-9
鳧,91.70
麀,61.70-2
黽,42.70
僦,91A.70-6
僗,91A.50-9
僨,91A.80-1
僛,91A.81-2
凘,63A.22-2
勩,21S.50-9
嘌,40A.01-3
嘒,40A.30-1
嘏,10S.82-5
嘁,40A.71-7
嘓,40A.41-4
墉,11A.42-6
墁,11A.82-4
墈,11A.50-2
嫪,93A.91-2
嫚,93A.82-3
嫠,10.93
嫟,93A.21-5
屣,52A.83-9
嶂,21B.10-6
幘,22B.80-1
廑,61.11-2
廎,61.80-2
廕,61.93-3
彄,50A.21-5
彯,31S.91-9
愬,80.72
慁,41.72
慱,22A.00-1
慳,22A.11-5
憀,22A.91-5
慴,22A.41-5
慥,22A.83-1
慪,22A.21-5
戩,30S.71-7
戧,81S.71-7
摛,10A.42-6
摶,10A.00-1
摳,10A.21-5
摽,10A.01-3
撂,10A.40-4
摜,10A.80-4
摋,10A.82-8
搿,90S.00-8
斠,20S.10-1
朅,11S.50-4
槎,10B.30-8
榼,10B.30-1
榧,10B.21-5
槄,10B.21-9
槊,80.01
殞,31S.80-4
滎,91.02
滸,63A.10-6
漉,63A.70-6
漚,63A.21-5
漻,63A.91-5
漶,63A.72-2
漭,63A.20-2
漈,63A.01-9
熇,91D.42-4
熏,90.63
熗,91D.40-6
牓,91S.50-6
獃,21S.81-1
獍,91C.70-6
瑳,31A.30-8
瑱,31A.80-1
瑲,31A.40-8
甃,90.70
疐,10.83
瘖,61A.41-6
瘌,61A.00-1
瘕,61A.82-5
瘊,61A.81-9
皸,62S.82-2
瞅,41B.81-9
瞀,32.41
碲,31B.22-6
碪,31B.21-2
碴,31B.30-1
碭,31B.50-4
碞,40.40
禊,63B.81-1
禋,63B.11-3
禖,63B.01-2
窨,62A.41-6
窬,62A.00-8
箜,92A.30-6
箑,92A.82-9
箍,92A.20-4
箅,92A.20-4
箘,92A.41-4
劄,92S.00-2
粻,22C.02-5
粺,22C.10-9
綷,93B.10-4
綣,93B.70-1
緅,93B.82-3
緄,93B.70-2
緋,93B.22-2
緌,93B.93-9
綯,93B.50-9
綹,93B.40-9
綦,20.01
綮,63.01
翣,50.93
翥,11.50
膆,42A.01-1
膃,42A.30-4
蒡,20A.50-6
蒟,20A.50-6
蒺,20A.81-6
蒹,20A.22-8
蒴,20A.42-8
蓁,20A.01-1
蓍,20A.41-1
蒱,20A.42-1
蓐,20A.00-5
蒻,20A.50-5
蒔,20A.00-4
蒯,20S.00-2
蒨,20A.42-9
蓖,20A.70-9
蓏,20A.83-9
蜣,22D.70-8
蜨,22D.83-1
蜮,22D.71-7
蜞,22D.80-2
蜡,22D.41-2
蜾,22D.01-4
蜒,22D.83-9
蜺,22D.70-9
蜚,22.93
蜰,42.93
裱,63C.02-1
裾,63C.40-5
裼,63C.50-4
裰,63C.82-3
覡,31S.70-4
觩,92B.01-1
觫,92B.00-1
誒,60A.81-9
豨,31S.22-8
賕,41C.02-1
踉,40B.02-6
跽,40B.72-5
踊,40B.42-3
踅,10.83
鄜,61S.22-3
鄢,31S.22-3
酺,31C.42-1
酹,31C.00-9
銥,81A.02-6
鉶,81A.00-3
銛,81A.40-9
鉺,81A.10-3
銠,81A.70-1
銪,81A.42-1
銦,81A.41-4
銚,81A.70-2
鉿,81A.40-8
銣,81A.40-9
銕,81A.81-1
銧,81A.70-2
銩,81A.93-9
靽,20B.10-2
靺,20B.01-1
鞄,20B.70-9
靿,20B.50-9
颭,42.70
餂,81B.40-9
馝,90S.72-6
馹,51B.41-4
髣,51.50
鳲,52S.50-9
儆,91A.82-1
儇,91A.02-4
儋,91A.40-9
儌,91A.82-8
劌,21S.00-2
勱,20S.50-9
噌,40A.41-8
嘵,40A.70-1
噉,40A.82-3
噆,40A.41-9
噘,40A.81-5
嘬,40A.82-4
嘸,40A.63-9
墝,11A.70-1
屧,52A.01-9
嶙,21B.10-2
嶒,21B.41-8
嶢,21B.70-1
嶓,21B.41-9
嶠,21B.42-9
廛,61.11-4
廡,61.63-9
憋,22.72
憒,22A.80-2
撅,10A.81-5
撏,10A.00-5
撋,10A.00-5
撣,10A.10-4
撟,10A.42-9
敺,51S.82-2
斲,90S.22-9
暵,41A.81-2
樗,10B.50-3
槿,10B.11-2
樝,10B.30-2
槲,10B.10-9
槧,10.01
殣,31S.11-2
殢,31S.22-2
毿,93S.70-2
氂,10.70
潁,21S.80-3
漦,10.02
潾,63A.10-2
澇,63A.50-9
澍,63A.00-1
澌,63A.22-2
潢,63A.80-2
澂,63A.82-2
熯,91D.80-3
熠,91D.41-4
獒,10.81
獠,91C.01-1
獢,91C.42-5
璇,31A.83-6
璆,31A.91-5
璁,31A.72-9
瑽,31A.83-9
璅,31A.01-9
瘥,61A.30-8
瘞,61A.11-1
瘝,61A.02-4
磔,31B.01-9
磉,31B.01-3
禡,63B.50-5
禛,63B.80-1
稹,90A.80-2
窳,62A.83-9
篋,92A.21-5
箬,92A.32-9
糅,22C.01-3
糈,22C.42-3
糌,22C.41-9
緪,93B.30-2
緧,93B.41-6
緗,93B.40-9
緡,93B.41-4
緦,93B.72-1
緶,93B.82-9
罶,41D.41-9
翫,50S.70-3
翬,50.10
翦,80.50
膣,42A.11-6
膞,42A.00-1
膗,42A.11-2
舖,81S.42-1
蔻,20A.70-6
蔟,20A.81-6
蔊,20A.10-9
蔫,20A.50-3
蔌,20A.81-1
蓴,20A.00-1
蓫,20A.83-3
蓼,20A.91-5
蓽,20A.10-4
蔞,20A.93-2
蔦,20A.50-9
蓨,20A.42-9
蓰,20A.83-9
蔯,20A.01-3
虢,90S.70-2
蝣,22D.00-6
蝤,22D.41-8
蝡,22D.81-3
蝎,22D.50-4
蝟,22D.42-4
蝮,22D.82-9
蝥,32.93
蝻,22D.42-1
衚,91B.00-1
褌,63C.10-6
褘,63C.10-2
褙,63C.42-2
褎,60.02
觭,92A.93-4
諏,60A.82-3
諑,60A.02-3
諕,60A.70-2
諗,60A.72-8
誾,52B.00-6
賙,41C.42-4
賚,10.80
踣,40B.40-6
踥,40B.93-6
踦,40B.00-1
踧,40B.82-2
踔,40B.10-2
輗,10D.70-9
遯,42.83
鄯,80S.22-3
醅,31C.40-6
醊,31C.82-3
醁,31C.02-9
鋃,81A.02-6
鋏,81A.81-1
鋱,81A.71-7
鋟,81A.82-5
鋩,81A.21-2
鋌,81A.83-9
鋯,81A.40-1
鋂,81A.50-9
鋨,81A.71-9
鋦,81A.50-5
閬,52B.00-6
閫,52B.00-4
隤,32A.80-2
霈,31D.22-6
靚,10S.70-4
頦,60S.80-3
餑,81B.00-1
餔,81B.42-1
餖,81B.30-3
餗,81B.01-1
餕,81B.82-9
駔,51B.30-4
駉,51B.42-4
駘,51B.40-9
骳,42B.82-2
髫,51.40
魆,91.70
魃,91.70
魴,92C.50-4
魬,92C.82-6
鳷,10S.50-9
鴇,21S.50-9
鴈,51A.50-9
麃,61.63-2
鼏,62.22-4
鼐,32.22
儗,91A.83-1
叡,21S.82-3
噣,40A.50-4
噭,40A.82-9
噲,40A.41-8
噷,40A.81-6
圜,41.41-4
墺,11A.81-9
嬗,93A.30-5
嬙,93A.40-9
嬛,93A.02-1
嬡,93A.82-9
嬖,52.93
寯,62.42-9
嶮,21B.81-8
幨,22B.40-9
廩,61.01-6
廨,61.10-9
徼,91B.82-6
憝,60.72
憨,31.72
懌,22A.10-4
擗,10A.10-5
曈,41A.11-6
暾,41A.82-6
曀,41A.30-1
橦,10B.11-6
橛,10B.81-5
樨,10B.10-5
橐,10.01
歕,10S.81-9
歔,21S.81-9
殪,31S.30-1
殫,31S.10-4
氄,32S.70-9
氆,90.70
澣,63A.10-1
澼,63A.10-5
澮,63A.41-8
燖,91D.00-3
燁,91D.02-6
燋,91D.63-9
燔,91D.41-8
獬,91C.10-9
獪,91C.41-8
瘳,61A.91-5
瘼,61A.81-2
瘵,61A.01-9
瘰,61A.01-4
皻,21S.82-2
盦,81.30
瞜,41B.93-2
磣,31B.91-9
磠,31B.41-2
窶,62A.93-2
窵,62A.50-9
篥,92A.01-1
篚,92A.21-5
篹,92A.70-4
篔,92A.80-2
篪,92A.70-9
糗,22C.81-9
縗,93B.02-4
縟,93B.00-3
縠,11S.82-4
縕,93B.30-3
縚,93B.21-2
縢,42A.01-1
縋,93B.83-6
罃,91.21
耪,10S.50-6
膵,42A.10-2
膰,42A.41-9
臲,91S.70-9
蕖,20A.01-6
蕓,20A.93-3
蕡,20A.80-1
蕘,20A.70-1
蕆,20A.71-7
蕤,20A.83-3
蕁,20A.00-5
蕢,20A.80-2
蕎,20A.42-9
蕕,20A.41-9
薌,20A.22-9
螗,22D.40-6
螓,22D.01-1
螘,22D.30-2
螣,42A.93-1
螄,22D.22-9
褦,63C.70-9
褰,62.02-2
褭,60.02
褯,63C.22-6
褟,63C.50-4
觱,71.42
諠,60A.30-6
諢,60A.10-6
諵,60A.42-1
諝,60A.42-3
謔,60A.21-2
諤,60A.50-4
諟,60A.83-4
諞,60A.42-6
貒,91S.42-2
賵,41C.41-4
蹀,40B.01-2
蹅,40B.30-1
踶,40B.83-4
踽,40B.42-9
蹁,40B.42-6
踰,40B.00-8
輮,10D.01-3
輷,10D.50-9
遶,11.83
鄶,81S.22-3
醐,31C.42-1
醍,31C.83-4
錸,81A.01-1
錼,81A.01-1
錛,81A.20-1
錒,81A.00-3
錁,81A.01-4
鍆,81A.00-5
閼,52B.00-6
閾,52B.00-7
閹,52B.00-1
閶,52B.00-4
閽,52B.00-9
隩,32A.81-9
鞔,20B.70-9
餧,81B.93-9
骻,42B.50-1
髹,51.01
鮀,92C.70-4
鮓,92C.22-9
鮒,92C.00-8
鮐,92C.40-8
鴞,40S.50-9
鴝,92S.50-9
鴟,90S.50-9
麈,61.11-2
鼒,10.22
嚆,40A.42-2
嚄,40A.82-2
壖,11A.42-3
嬭,93A.42-2
嬲,41S.50-9
嶷,21.83
幬,22B.00-1
幪,22B.02-2
懠,22A.22-6
懥,22A.83-1
懨,22A.81-5
擯,10A.80-6
擩,10A.42-3
擣,10A.00-1
擫,10A.81-5
擤,10A.20-9
斁,41S.82-9
檁,10B.01-6
檉,10B.11-3
檇,10B.42-9
檎,10B.42-8
檃,32.01
檑,10B.41-3
殭,31S.30-3
濞,63A.20-9
獳,91C.42-1
獮,91C.42-3
璫,31A.41-2
璐,31A.40-4
璪,31A.01-4
甑,80S.70-3
癃,61A.11-3
癈,61A.82-3
癉,61A.10-4
癇,61A.00-5
皤,91S.41-3
盩,11.30
瞵,41B.10-1
瞶,41B.80-2
瞱,41A.10-2
矰,92S.40-4
磽,31B.70-1
磻,31B.41-9
禨,63B.71-9
窾,62A.81-1
簏,92A.70-6
篲,92A.22-9
簀,92A.71-9
簋,92A.30-4
篳,92A.10-4
簉,92A.83-1
簃,92A.32-4
篱,92A.42-6
糨,22C.93-5
縭,93B.42-6
顈,21S.80-3
繇,92S.00-9
縻,61.01-1
縶,11.01
繄,51.01
罅,92S.00-2
罾,41D.41-8
罽,41D.00-5
耬,10S.93-2
膻,42A.30-6
臌,42A.82-1
臊,42A.01-4
薏,20A.72-6
蕻,20A.80-5
薤,20A.30-3
蕷,20A.80-3
蕺,20A.71-4
薙,20A.11-9
薈,20A.41-8
薅,20A.00-9
蕹,20A.11-6
薐,20A.82-9
螭,22D.42-6
螬,22D.41-2
螵,22D.01-3
螯,10.93
蟄,11.93
蟊,32.93
螿,21.93
螽,92.83
褵,63C.42-6
褳,63C.83-1
襁,63C.93-5
覯,20S.70-4
觳,11S.82-4
謖,60A.82-4
謅,60A.50-9
謇,62.40-2
謚,60A.30-8
貔,91S.70-9
赯,11S.40-6
蹍,40B.02-5
蹌,40B.40-8
蹇,62.83-2
醢,31C.30-1
醛,31C.11-2
醡,31C.22-6
鍤,81A.21-9
鍇,81A.41-2
鍼,81A.71-7
鍘,81A.00-4
鍶,81A.72-4
鍠,81A.11-9
鍪,32.30
鍗,81A.22-6
闇,52B.00-6
隮,32A.22-6
隰,32A.63-4
霝,31D.40-4
霙,31D.81-2
餬,81B.42-1
餳,81B.50-4
餲,81B.50-4
餱,81B.81-9
馘,80S.71-7
騂,51B.10-6
駸,51B.82-5
騃,51B.81-9
骾,42B.82-3
鬁,51.00
魈,91.70
鵂,91A.50-1
黻,22S.82-1
黿,30.70
鼢,90.70
齔,21S.70-2
龠,81.42
嚜,40A.11-4
嚚,40.40
屪,52A.01-6
懟,22.72
旛,60S.41-9
曚,41A.02-2
曛,41A.63-9
毉,51.30
瀅,63A.11-9
瀦,63A.41-3
燿,91D.11-3
燹,31.81
璵,31A.80-5
甓,52.70
癜,61A.82-5
癤,61A.22-9
皦,91S.82-9
皽,60S.82-2
盬,51.30
礌,31B.41-3
礉,31B.82-9
礐,90.40
簟,92A.10-3
簰,92A.10-9
繐,93B.71-9
繖,93B.82-1
繢,93B.80-2
繑,93B.42-8
聵,31S.80-2
艟,91S.11-4
藂,20A.02-3
薿,20A.83-2
藎,20A.30-2
薶,20A.11-9
蘤,20A.50-9
薷,20A.42-3
蟛,22D.91-1
蟫,22D.10-3
蟪,22D.72-1
蟥,22D.80-2
蟣,22D.71-9
襏,63C.82-3
襆,63C.81-2
謳,60A.21-5
謾,60A.82-4
謷,10.40
謦,11.40
賾,51S.80-1
贄,11.80
蹠,40B.63-6
蹧,40B.41-2
蹚,40B.11-2
蹡,40B.00-2
蹝,40B.83-9
蹩,22.83
轆,10D.70-6
轇,10D.91-5
鄺,61S.22-3
醥,31C.01-3
醯,31C.30-6
醪,31C.91-5
鎵,81A.02-6
鎛,81A.00-1
鎝,81A.40-2
鎧,81A.30-2
鎦,81A.41-9
闒,52B.00-4
闓,52B.00-2
隳,32.02
雘,42S.82-2
雝,93S.00-2
霢,31D.02-4
鞬,20B.83-2
鞨,20B.50-4
鞫,20B.50-9
鞤,11.10
韙,41.83
顒,41S.80-3
餼,81B.70-9
餺,81B.00-1
騏,51B.80-2
騑,51B.22-2
騅,51B.11-9
髀,42B.10-9
鬈,51.70
鬄,51.50
鬅,51.42
鬩,52B.00-9
魋,91.70
鮿,92C.70-1
鯁,92C.82-1
鵜,80S.50-9
鵓,10S.50-9
鵒,80S.50-9
鼥,90.70
鼫,90.70
齕,21S.70-9
儵,91A.63-9
劖,92S.00-2
勷,60S.50-9
嚭,11S.40-3
嚦,40A.30-5
壚,11A.30-2
嬾,93A.72-9
攉,10A.11-3
櫧,10B.41-6
櫟,10B.01-9
櫜,10.01
櫫,31.01
殰,31S.80-1
氌,90.70
瀧,63A.70-6
瀠,63A.01-9
瀣,63A.30-2
爇,20A.63-1
矉,41B.80-6
矱,92S.82-2
禰,63B.42-3
簹,92A.41-2
糪,52.01
繰,93B.01-3
繯,93B.02-1
繨,93B.82-9
罋,60.21
羆,41D.63-9
臕,42A.63-6
艤,91S.71-7
艣,91S.42-6
藭,20A.50-6
藜,20A.02-9
蟶,22D.11-3
蠋,22D.50-4
蠆,20A.93-4
襛,63C.02-2
襜,63C.40-9
襝,63C.81-8
覈,31.82
觶,92B.10-1
譈,60A.82-6
譊,60A.70-1
譖,60A.41-9
譔,60A.80-5
趬,11.83
趫,11.83
蹭,40B.41-8
蹯,40B.41-9
蹻,40B.42-9
醰,31C.10-3
醭,31C.81-2
鏞,81A.42-6
鏇,81A.83-6
鏚,81A.71-7
鏹,81A.93-5
鎩,81A.82-8
鏊,10.30
闚,52B.00-1
鞶,91.10
韞,22S.30-4
顙,32S.80-3
颻,92S.50-9
饈,81B.30-8
饃,81B.81-2
騞,51B.40-1
髂,42B.40-6
鬋,51.00
鬎,51.00
鯪,92C.81-9
鯫,92C.82-3
鯤,92C.70-3
鯢,92C.70-6
鯗,80.63
鶊,61S.50-9
鵰,42S.50-9
麑,61.70-2
黼,22S.42-1
齁,91S.50-9
齗,21S.22-9
齘,21S.22-8
嚳,90.40
巇,21B.71-2
攖,10A.93-4
曨,41A.70-6
櫳,10B.70-6
櫪,10B.30-5
櫨,10B.30-2
櫱,21.01
瀼,63A.02-6
瀹,63A.42-8
獼,91C.42-4
皫,91S.50-9
矍,41.82
穮,90A.63-6
籊,92A.11-4
繻,93B.42-2
繾,93B.83-1
臙,42A.63-2
舋,90.30
艨,91S.02-1
蘢,20A.70-6
藿,20A.11-3
蘀,20A.10-1
蘄,20A.22-4
蘅,20A.00-9
蠙,22D.80-6
蠐,22D.22-6 
蠓,22D.02-2
蠖,22D.82-2
襦,63C.42-3
趮,11.83
躄,52.83
轗,10D.72-7
轘,10D.02-4
醵,31C.02-2
醲,31C.02-2
鐠,81A.41-8
鐏,81A.00-8
鐐,81A.01-1
鐨,81A.80-2
鐙,81A.30-3
鐍,81A.42-3
鏷,81A.81-2
鐎,81A.63-9
鐒,81A.50-9
闞,52B.00-3
闠,52B.00-2
顢,20S.80-3
顣,71S.80-3
饌,81B.80-5
饋,81B.80-2
騶,51B.50-9
騮,51B.41-9
騸,51B.50-6
騭,32.50
髆,42B.00-1
鬒,51.80
鰈,92C.00-9
鰒,92C.82-9
鰉,92C.11-4
鶘,10S.50-4
鶗,41.83
鶚,40S.50-9
鶿,80.50
鶩,32.50
鶖,90.50
黥,41S.01-6
黧,90.63
齠,21S.40-5
齙,21S.70-9
儺,91A.11-2
儹,91A.80-1
劘,61S.00-2
巋,21.22
懽,22A.11-2
攛,10A.70-6
欂,10B.00-2
櫸,10B.10-9
灃,63A.30-2
爝,91D.00-5
爚,91D.42-6
甗,21S.70-3
矐,41B.11-3
礱,60.40
糲,22C.42-5
纊,93B.80-2
纇,22S.80-3
纆,93B.11-3
纍,41.01
罍,41.21
耰,10S.82-3
蘘,20A.02-6
蘧,20A.83-2
蠛,22D.71-2
衊,91S.70-9
襮,63C.02-4
譸,60A.00-1
贐,41C.30-2
贔,41.80
趯,11.83
酆,21S.22-3
鐿,81A.72-6
鐻,81A.02-2
鐶,81A.02-4
闥,52B.00-1
闤,52B.00-4
韡,22S.10-2
飆,12S.70-4
饘,81B.30-6
驄,51B.72-9
驂,51B.91-9
驁,10.50
鬘,51.82
鰜,92C.22-6
鰣,92B.83-9
鶼,80S.50-9
鷇,11S.82-4
鷃,41S.50-9
鶺,91S.50-9
黮,41S.21-2
齎,60.22
亹,60.30
囅,40S.02-5
囋,40A.80-1
孌,93.93
攢,10A.80-1
氍,41S.70-9
癭,61A.93-4
皭,91S.00-3
穰,90A.02-6
籜,92A.10-1
籙,92A.02-6
糴,81S.11-5
糱,21.01
纑,93B.22-9
罏,92S.22-9
羇,31.00
臞,42A.11-4
艫,91S.30-2
覿,11S.70-4
譾,60A.50-8
讅,60A.41-6
躕,40B.00-6
躔,40B.11-6
躒,40B.01-9
躐,40B.70-9
轢,10D.01-9
鑌,81A.80-6
鑊,81A.82-2
饔,60.02
驌,51B.22-2
驊,51B.10-2
髐,42B.70-1
鬻,50.42
鱈,92C.30-2
鰲,10.63
鷙,11.50
龕,81.70
龢,81S.01-9
巘,21B.81-2
戁,20.72
攩,10A.63-2
攥,10A.01-9
欏,10B.11-4
癰,61A.11-9
籧,92A.83-1
虀,20A.30-6
蘼,20A.22-6
蠲,80S.50-4
襴,63C.00-5
讌,60A.63-2
讎,91S.11-6
轤,10D.30-2
轣,10D.30-5
鑢,81A.72-2
鑕,81A.80-9
鑞,81A.70-9
鬟,51.02
鱒,92C.00-5
鱘,92C.00-5
鱍,92C.82-3
鷯,12S.50-9
鷫,22S.50-9
鷸,32S.50-9
鷦,91S.50-9
鷲,60.50
黲,41S.91-9
黳,51.63
鼷,90.70
齏,60.22
齮,21S.00-1
齯,21S.70-9
囓,40A.21-1
屭,52A.80-4
灝,63A.80-4
讔,60A.72-3
讕,60A.00-5
醾,31C.01-6
醽,31C.40-3
釂,31C.00-9
鑫,81.30
髕,42B.80-6
鱣,92C.30-4
鱧,92C.30-2
鱠,92C.41-4
鸇,60S.50-9
鷿,52.50
鷽,90.50
齆,91S.70-9
齵,21S.42-4
齶,21S.50-4
囔,40A.02-1
攮,10A.02-1
矙,41B.00-5
籩,92A.83-9
糶,21S.11-5
纘,93B.80-1
纛,10.01
臠,93.42
襻,63C.00-1
觿,92B.10-5
讙,60A.11-2
躥,40B.70-6
鑮,81A.00-2
鑭,81A.00-5
鑱,81A.70-9
靉,31S.82-9
鱭,92C.11-9
鸐,50S.50-9
鼉,40.70
趲,11.83
躦,40B.80-1
鑵,81A.11-2
黶,51A.63-4
灨,63A.80-6
讞,60A.81-2
顴,20S.80-3
驤,51B.02-6
鸕,21S.50-9
戇,60.72
钂,81A.63-2
驩,51B.11-2
鬮,52B.00-9
鸝,30S.50-9
灩,63A.30-2
麤,61.70-2
齉,91S.01-9
