%aa%fc,阿
%b0%da,啊
%dc%d3,嗄
%aa%fc,阿
%aa%fc,阿
%eb%e8,錒
%ae%c3,捌
%a5%b6,扒
%aa%dd,芭
%d3%4a,粑
%d7%d0,豝
%a7%61,吧
%a5%7a,叭
%a4%da,巴
%ac%cd,疤
%a4%4b,八
%af%b9,笆
%a9%de,拔
%d0%6e,茇
%b6%5b,跋
%d0%5a,胈
%b9%59,鈸
%f1%e4,鼥
%e8%d9,魃
%a7%e2,把
%b9%76,靶
%dc%6a,鈀
%c5%f2,壩
%c5%51,霸
%bd%7d,罷
%ca%d3,弝
%c5%f4,灞
%aa%a8,爸
%a7%42,伯
%d6%66,猈
%b8%b4,葩
%ad%77,趴
%a5%b6,扒
%aa%49,杷
%af%d2,耙
%b5%5d,琶
%a4%da,巴
%aa%a6,爬
%a9%c8,怕
%a9%ac,帕
%c9%a2,汃
%b9%c0,嘛
%b6%dc,嗎
%bb%f2,麼
%b6%fd,媽
%c0%a8,嬤
%b3%c2,麻
%c1%b0,蟆
%b9%c0,嘛
%b7%f2,痲
%bf%c2,螞
%ba%bf,瑪
%bd%58,碼
%b0%a8,馬
%bd%7c,罵
%e6%cc,禡
%b5%6f,發
%af%7c,砝
%bb%40,罰
%bb%d6,閥
%a5%46,乏
%a5%ef,伐
%b5%ad,筏
%be%76,髮
%aa%6b,法
%cb%de,咑
%f2%b8,繨
%b7%66,搭
%d0%55,耷
%d3%af,荅
%bf%ca,褡
%b9%46,達
%a9%cd,怛
%c5%7c,疊
%bd%44,瘩
%d6%d4,笪
%b5%aa,答
%a5%b4,打
%a4%6a,大
%a8%65,牠
%b6%f2,塌
%e0%dc,靸
%d7%d9,趿
%a5%a6,它
%eb%7c,褟
%e0%ae,鉈
%a5%4c,他
%a6%6f,她
%b6%f0,塔
%f1%58,鎝
%a9%dd,拓
%dd%ad,搨
%be%d8,撻
%ba%66,榻
%cc%ee,沓
%dc%d6,嗒
%bd%f1,踏
%c1%cf,蹋
%c4%be,躂
%bb%bd,遢
%f6%6b,闥
%f1%6c,闒
%c3%a1,獺
%ae%b3,拿
%ce%d4,拏
%ad%fe,哪
%b1%cc,捺
%a7%6f,吶
%cd%b0,肭
%a8%ba,那
%b3%5b,訥
%d3%d4,衲
%b6%75,鈉
%af%c7,納
%a9%d4,拉
%b0%d5,啦
%ab%66,剌
%c9%ed,旯
%c3%e5,邋
%b3%e2,喇
%ab%66,剌
%c4%fa,蠟
%db%4b,腊
%c3%be,臘
%f3%c4,鬎
%bb%b6,辣
%e2%dc,瘌
%f8%4e,鑞
%b9%c7,嘎
%c9%ee,旮
%aa%ee,軋
%be%bf,噶
%d0%c1,釓
%a7%bc,尬
%a4%b6,介
%b4%7b,揩
%a9%40,咖
%a5%64,卡
%ab%a3,咯
%ab%79,咳
%e0%c7,鉲
%b3%d8,喀
%f3%c1,髂
%ab%a2,哈
%b5%f0,蛤
%bd%bc,蝦
%ac%64,查
%a4%e3,扎
%dd%d3,楂
%e5%d7,樝
%ce%61,奓
%ea%74,皻
%b4%ed,渣
%b2%cf,紮
%a5%be,札
%b9%68,閘
%ee%d4,鍘
%de%6f,煠
%e3%5a,劄
%c9%ea,扠
%af%77,眨
%ec%7a,鮓
%b7%63,搾
%ba%5e,榨
%ac%5d,柵
%b3%4b,蚱
%e3%dc,蜡
%af%a4,砟
%ee%ca,醡
%a9%51,咋
%a6%5c,吒
%b6%42,詐
%d2%c6,痄
%ac%b5,炸
%a5%45,乍
%b4%a1,插
%c9%ea,扠
%cb%43,杈
%a4%65,叉
%b3%e5,喳
%ae%74,差
%d0%68,臿
%ac%64,查
%b7%67,搽
%dd%d3,楂
%e2%41,槎
%ce%51,垞
%af%f9,茶
%e2%ed,碴
%b9%ee,察
%ee%d0,鍤
%eb%c1,蹅
%b8%d2,詫
%c9%fc,汊
%d0%ae,衩
%a7%c3,岔
%ab%62,剎
%cb%b2,侘
%c9%cd,奼
%a7%fc,杉
%b2%ef,莎
%ac%e2,砂
%d0%f0,唦
%da%af,痧
%b8%c6,裟
%c3%54,鯊
%a8%46,沙
%f3%6a,鎩
%b1%fe,殺
%af%bd,紗
%d4%a3,啥
%c0%4b,霎
%d8%6c,喢
%dc%d3,嗄
%d4%78,啑
%d4%73,唼
%e3%7c,翣
%dd%f7,歃
%b7%d9,煞
%e3%51,箑
%b2%cf,紮
%cb%df,咂
%d4%73,唼
%a5%60,匝
%ce%df,拶
%af%7b,砸
%ab%a5,咱
%c2%f8,雜
%a4%b0,什
%b7%67,搽
%c0%bf,擦
%bc%bb,撒
%c9%65,仨
%e0%dc,靸
%cf%73,洒
%c5%78,灑
%e1%e9,摋
%c2%c4,薩
%a4%ca,卅
%d7%d9,趿
%bb%e3,颯
%a8%fe,呵
%b3%e1,喔
%ae%40,哦
%bc%b7,撥
%b5%d4,菠
%e5%67,嶓
%ac%c1,玻
%d4%71,啵
%aa%69,波
%b2%da,缽
%e8%c1,餑
%f8%5b,鱍
%ad%e9,剝
%a7%b8,孛
%b7%69,搏
%d5%c5,桲
%f5%ce,欂
%ac%66,柏
%b3%d5,博
%ab%6b,勃
%f1%d0,鵓
%b2%f2,荸
%c1%a1,薄
%df%b4,葧
%bd%b3,蔔
%b5%e8,菔
%ae%af,悖
%a6%ca,百
%b9%72,雹
%e7%f4,踣
%bb%4b,膊
%b2%e4,脖
%f5%66,髆
%bb%e9,駁
%f2%ae,糪
%d2%4a,浡
%aa%79,泊
%b4%f1,渤
%f6%4a,襮
%f0%d4,襏
%f1%57,鎛
%f9%52,鑮
%b9%60,鉑
%b9%59,鈸
%f1%ae,餺
%a9%ad,帛
%a5%d5,白
%a8%d5,佰
%a7%42,伯
%c3%7a,爆
%b2%ed,舶
%c3%af,簿
%ba%e4,箔
%b6%5f,跛
%c3%b0,簸
%bc%bd,播
%c4%f4,蘗
%c1%a3,薜
%a5%5f,北
%c0%bc,擘
%c0%d0,檗
%ad%bd,亳
%a9%59,坡
%ab%40,陂
%aa%69,波
%bc%e2,潑
%b1%43,婆
%be%49,鄱
%ed%78,皤
%bb%e1,頗
%a5%72,叵
%d6%db,笸
%a9%e7,拍
%a6%b5,朴
%b2%cb,粕
%ac%c4,珀
%af%7d,破
%c3%e6,醱
%aa%79,泊
%ad%a2,迫
%be%7a,魄
%a9%d9,抹
%ba%4e,摸
%bc%d2,模
%bc%b1,摹
%c4%a8,蘑
%c1%55,糢
%c2%d3,謨
%bc%af,摩
%bf%69,磨
%c5%5d,魔
%f5%c2,劘
%f3%b1,饃
%a9%d9,抹
%a5%bd,末
%b3%c1,麥
%a9%d9,抹
%ad%5b,茉
%c5%5a,驀
%b2%f6,莫
%e4%c0,靺
%f1%77,霢
%aa%5c,歿
%ad%af,陌
%ef%bb,嚜
%be%a5,墨
%d6%af,眽
%c0%71,默
%af%df,脈
%bd%a4,膜
%ea%70,瘼
%b9%e6,寞
%aa%6a,沫
%ba%7a,漠
%a8%53,沒
%af%b0,秣
%a8%d5,佰
%b8%e8,貉
%b8%e7,貊
%f5%eb,纆
%a6%f2,佛
%bf%a3,縛
%bb%f2,麼
%bc%b1,摹
%aa%ba,的
%b1%6f,得
%bc%77,德
%a8%65,牠
%af%53,特
%ca%d7,忑
%eb%66,螣
%bc%7c,慝
%ca%d6,忒
%e8%69,鋱
%a9%4f,呢
%a8%ba,那
%b3%5b,訥
%a4%46,了
%eb%71,褦
%d1%bb,捋
%d1%4d,埒
%a9%55,垃
%b0%c7,勒
%a6%d8,肋
%cc%f8,泐
%f0%5b,礐
%c9%52,仂
%cd%a7,竻
%bc%d6,樂
%c0%c1,擱
%ad%f4,哥
%ba%71,歌
%af%de,胳
%cb%76,肐
%aa%b8,疙
%b3%ce,割
%a4%e0,戈
%c2%46,鴿
%ac%f8,紇
%ae%e6,格
%ad%b2,革
%d3%a8,茖
%b8%af,葛
%b5%f0,蛤
%b9%6a,隔
%ab%a3,咯
%dc%d0,嗝
%be%bf,噶
%bb%4a,膈
%c0%66,骼
%bb%d7,閤
%bb%d5,閣
%c2%f0,鎘
%e1%ee,搿
%a6%58,合
%d7%53,舸
%d0%a8,虼
%d6%b8,硌
%bb%cc,鉻
%ad%d3,個
%a6%55,各
%ba%e7,箇
%dd%a4,搕
%ac%5f,柯
%b4%ca,棵
%b6%61,軻
%ad%56,苛
%bd%c1,蝌
%cf%c8,珂
%bd%57,磕
%bd%4f,瞌
%c1%fb,顆
%c3%4e,髁
%a8%e8,刻
%b8%5e,窠
%e0%b3,鈳
%b8%5c,稞
%ac%ec,科
%b4%df,殼
%ab%79,咳
%e8%b8,頦
%d1%f5,欬
%a9%56,坷
%a5%69,可
%b4%f7,渴
%a7%4a,克
%ab%67,剋
%e2%45,榼
%ab%f1,恪
%b6%df,嗑
%b3%d8,喀
%bd%d2,課
%a8%e8,刻
%ab%c8,客
%b7%c2,溘
%eb%e9,錁
%d5%df,氪
%bd%79,緙
%a8%fe,呵
%b3%dc,喝
%b6%46,訶
%ae%d6,核
%af%72,盍
%ad%56,苛
%b2%fc,荷
%f1%7b,鞨
%f1%ea,齕
%e7%b2,蝎
%bf%ad,翮
%f2%f2,覈
%f0%5a,礉
%ac%54,曷
%c2%f3,闔
%bb%d2,閡
%bb%d7,閤
%a8%f0,劾
%ae%60,害
%aa%65,河
%b2%55,涸
%bd%c5,褐
%b2%b0,盒
%a6%58,合
%e4%a6,鉿
%f7%cf,龢
%a5%dd,禾
%a9%4d,和
%a6%f3,何
%b8%e8,貉
%ac%f8,紇
%bb%ae,赫
%b0%71,郝
%b2%fc,荷
%b4%74,愒
%c0%7e,嚇
%b6%c2,黑
%c1%c5,豁
%b6%50,賀
%c5%62,鶴
%b5%db,著
%c1%b1,螫
%be%42,遮
%b5%db,著
%ad%f5,哲
%b8%bd,蜇
%a7%e9,折
%ba%50,摺
%ba%4b,摘
%bb%b3,輒
%c2%e1,轍
%ee%68,蟄
%c4%e0,懾
%e1%cd,慴
%e6%c6,磔
%bb%43,翟
%c2%d6,謫
%c1%b7,褶
%f1%c6,鮿
%aa%cc,者
%bd%ea,赭
%eb%e3,鍺
%cf%43,柘
%bd%a9,蔗
%db%f4,跖
%b3%6f,這
%c5%c2,鷓
%a6%76,宅
%ae%fd,浙
%a8%ae,車
%a7%e8,扯
%ce%47,哆
%b4%77,掣
%a9%ee,拆
%ba%4d,撤
%c2%e1,轍
%cb%e1,呫
%ba%ab,澈
%b9%fd,徹
%b0%f8,奢
%bb%ad,賒
%ca%65,佘
%a7%e9,折
%c4%e2,攜
%ac%c6,甚
%b3%44,蛇
%a6%de,舌
%b1%cb,捨
%c4%e1,攝
%ac%42,拾
%b3%6a,赦
%b8%ad,葉
%c4%e0,懾
%b3%5d,設
%c5%65,麝
%af%41,涉
%aa%c0,社
%aa%d9,舍
%d6%69,猞
%ae%67,射
%b7%53,惹
%d8%6f,喏
%bc%f6,熱
%f2%6b,爇
%b3%64,責
%be%dc,擇
%ac%67,柞
%e1%b2,幘
%a9%51,咋
%b9%c9,嘖
%ab%68,則
%b8%e9,賊
%f0%f3,賾
%af%b6,窄
%bf%41,澤
%d7%56,舴
%d0%b5,迮
%ed%bd,簀
%cc%ca,昃
%a4%b7,仄
%b0%bc,側
%b4%6c,惻
%a5%55,冊
%b4%5a,廁
%b4%fa,測
%b0%bc,側
%b5%a6,策
%df%49,筴
%b6%de,嗇
%a7%a3,圾
%b7%e6,瑟
%b6%eb,塞
%c0%df,澀
%e4%a3,銫
%c2%a8,穡
%a6%e2,色
%a6%d3,而
%cf%a5,洏
%a8%e0,兒
%a6%d5,耳
%ba%b8,爾
%c2%e2,邇
%d2%ad,珥
%ac%7c,洱
%e4%7a,鉺
%bb%e7,餌
%a4%47,二
%cb%d0,刵
%b6%4c,貳
%db%c0,衈
%ae%c1,挨
%ae%4a,埃
%ad%fc,唉
%ab%75,哎
%ab%73,哀
%a8%e0,兒
%d5%d9,欸
%b1%ba,捱
%e2%ca,獃
%a7%62,呆
%ef%63,騃
%c0%f9,癌
%bd%4a,皚
%c4%a7,藹
%c6%47,靄
%be%bc,噯
%b8%47,矮
%a6%e3,艾
%c3%aa,礙
%f9%57,靉
%b9%69,隘
%c0%c7,曖
%ef%50,餲
%c9%40,乂
%b7%52,愛
%e9%54,嬡
%d9%54,掰
%a5%d5,白
%d5%79,捭
%c2%5c,擺
%a7%e2,把
%ac%66,柏
%a6%ca,百
%c4%fc,襬
%a8%d5,佰
%a7%42,伯
%e3%61,粺
%d0%f9,唄
%b1%d1,敗
%de%fb,稗
%ab%f4,拜
%a9%e7,拍
%b1%c6,排
%c2%5c,擺
%ad%d6,俳
%b1%72,徘
%b5%50,牌
%ba%e8,箄
%f0%6c,簰
%ac%a3,派
%b4%fb,湃
%ae%49,埋
%f0%b4,薶
%c5%b5,霾
%b6%52,買
%b3%c1,麥
%bd%e6,賣
%c1%da,邁
%e4%f4,勱
%af%df,脈
%e2%ca,獃
%a7%62,呆
%ef%63,騃
%ab%dd,待
%a4%ef,歹
%b1%6f,得
%c0%b9,戴
%a4%6a,大
%b1%61,帶
%b6%65,逮
%ac%c5,玳
%ac%70,殆
%b3%55,袋
%a9%a7,岱
%c2%4c,黛
%b6%55,貸
%a5%4e,代
%ab%dd,待
%ab%e5,怠
%ad%a4,迨
%d6%ed,紿
%ad%4c,胎
%a9%ef,抬
%c2%69,檯
%bb%4f,臺
%c2%ca,薹
%ad%61,苔
%bb%e4,颱
%e8%ce,駘
%ec%7c,鮐
%a5%78,台
%cf%b1,炱
%cd%d7,邰
%ae%f5,泰
%a4%d3,太
%a8%4f,汰
%dc%67,鈦
%ba%41,態
%a4%44,乃
%d4%43,釢
%a6%bb,氖
%a9%70,妳
%ec%ce,嬭
%a5%a4,奶
%cf%55,柰
%a9%60,奈
%ad%40,耐
%e8%f3,鼐
%eb%71,褦
%eb%e5,錼
%a8%d3,來
%b5%dc,萊
%eb%e4,錸
%a8%d3,來
%e7%ec,賚
%bf%e0,賴
%b7%fd,睞
%c4%ee,癩
%c3%75,瀨
%b1%74,徠
%c5%a3,籟
%ab%b2,垓
%b8%f0,賅
%b8%d3,該
%a7%ef,改
%b7%a7,概
%bb%5c,蓋
%a4%a2,丐
%dd%76,戤
%b5%40,溉
%b6%74,鈣
%b4%7b,揩
%b6%7d,開
%b7%a2,楷
%dc%e5,塏
%b0%5a,豈
%b3%cf,剴
%b3%cd,凱
%b7%5f,愷
%b4%6e,慨
%f1%6d,闓
%f1%5a,鎧
%ee%d2,鍇
%b4%74,愒
%b7%5a,愾
%d1%f5,欬
%cb%e8,咍
%b6%d9,嗨
%ab%79,咳
%ab%c4,孩
%c1%d9,還
%c0%65,骸
%e8%b8,頦
%ee%c6,醢
%ae%fc,海
%dc%cd,嗐
%c0%62,駭
%a5%e8,亥
%ae%60,害
%ae%f3,氦
%ba%4b,摘
%bb%f4,齊
%c2%4e,齋
%be%dc,擇
%bb%43,翟
%a6%76,宅
%af%b6,窄
%ea%71,瘵
%b9%eb,寨
%b6%c5,債
%b2%bd,祭
%a9%ee,拆
%ae%74,差
%b3%a6,釵
%ae%e3,柴
%be%ab,儕
%b0%5b,豺
%a5%55,冊
%f2%e3,蠆
%e6%af,瘥
%bf%7a,篩
%bb%eb,骰
%a6%e2,色
%ae%cd,晒
%c5%ce,曬
%b1%fe,殺
%ae%e2,栽
%db%a4,菑
%a8%61,災
%d8%e6,崽
%a6%5f,囝
%ae%5f,宰
%a5%4a,仔
%b8%fc,載
%ab%76,哉
%a6%62,在
%a6%41,再
%b2%71,猜
%a4%7e,才
%a7%f7,材
%b5%f4,裁
%b0%5d,財
%c5%fe,讒
%c4%f1,纏
%c5%d7,纔
%b1%c4,採
%e0%73,跴
%e0%6c,跐
%b8%42,睬
%d4%f2,寀
%aa%f6,采
%b1%6d,彩
%ba%f9,綵
%b5%e6,菜
%bd%b2,蔡
%aa%f6,采
%d9%6c,揌
%ab%e4,思
%b8%7c,腮
%c4%ce,鰓
%b6%eb,塞
%c1%c9,賽
%d5%d9,欸
%d9%c1,椑
%aa%4d,杯
%d5%b5,桮
%b4%64,悲
%ac%d7,盃
%b8%4f,碑
%d5%4b,庳
%a8%f5,卑
%a5%5f,北
%a7%b8,孛
%bb%5f,蓓
%bd%fa,輩
%ad%49,背
%ae%af,悖
%a8%a9,貝
%c1%75,臂
%c1%d7,避
%e7%c8,褙
%b3%51,被
%be%58,鋇
%be%ce,憊
%ad%da,俾
%ad%bf,倍
%b3%c6,備
%af%56,狽
%b5%48,焙
%b1%41,婢
%a9%dc,披
%cb%f2,坯
%e8%5b,醅
%a9%41,呸
%ad%46,胚
%a7%a5,坏
%b0%f6,培
%bb%70,裴
%cd%d6,邳
%b3%ad,陪
%bd%df,賠
%cc%6e,帔
%af%5c,珮
%b0%74,配
%e8%ae,霈
%d1%cf,旆
%a8%4b,沛
%bb%f7,僻
%a8%d8,佩
%c5%af,轡
%b7%b0,楣
%b1%f6,梅
%aa%54,枚
%d0%a3,苺
%b2%f9,莓
%aa%b4,玫
%be%60,霉
%ac%dc,眉
%b5%44,湄
%a8%53,沒
%e2%fb,禖
%c5%f0,黴
%b7%d1,煤
%b4%43,媒
%d2%5a,浼
%d9%ed,渼
%ac%fc,美
%e8%71,鋂
%c1%e2,鎂
%a8%43,每
%dc%f6,媺
%b7%e8,瑁
%ac%4e,昧
%d2%ce,眛
%c1%bc,謎
%da%b6,痗
%b4%4b,寐
%aa%7a,沬
%b0%4c,袂
%be%79,魅
%a9%66,妹
%b4%41,媚
%ab%44,非
%c0%50,霏
%ad%b8,飛
%b0%d8,啡
%f1%b4,騑
%b4%76,扉
%a6%6d,妃
%e3%6e,緋
%e3%f3,蜰
%b5%cc,腓
%aa%ce,肥
%d5%f3,淝
%e2%49,榧
%b5%e1,菲
%bb%42,翡
%b4%b4,斐
%e3%f2,蜚
%d5%5e,悱
%ce%f9,朏
%ad%ea,匪
%bd%da,誹
%ea%bd,篚
%aa%e8,芾
%b6%4f,費
%a9%cc,怫
%a7%70,吠
%aa%cd,肺
%bc%6f,廢
%d2%c8,疿
%b7%f3,痱
%ed%75,癈
%aa%6d,沸
%f4%f0,鐨
%cd%61,狒
%b1%6f,得
%be%6b,餒
%a8%ba,那
%a4%ba,內
%d0%d2,倷
%cc%ed,氝
%b0%c7,勒
%be%dd,擂
%ed%44,檑
%b9%70,雷
%b2%d6,累
%f5%ec,纍
%f5%ed,罍
%c3%bd,羸
%c5%4a,鐳
%c1%5d,縲
%a6%d4,耒
%c1%a2,蕾
%bd%55,磊
%b2%d6,累
%c2%53,壘
%e0%4c,誄
%c0%77,儡
%c3%fe,類
%f5%e8,纇
%f0%57,礌
%e4%74,酹
%b2%d6,累
%a6%d8,肋
%b2%5c,淚
%b5%b9,給
%b6%c2,黑
%b3%6f,這
%b8%e9,賊
%cb%fc,坳
%a5%57,凹
%c1%6d,聱
%f3%6c,鏊
%f0%e6,謷
%f6%7d,驁
%bc%f5,熬
%f7%b4,鰲
%c6%52,鼇
%e6%76,獒
%be%43,遨
%ee%67,螯
%b1%ce,敖
%b9%c8,嗷
%c3%ef,鏖
%bf%ac,翱
%a4%d4,夭
%b6%fe,媼
%a9%ed,拗
%e9%4d,墺
%be%d2,懊
%d8%b4,奡
%ec%4f,隩
%bf%44,澳
%b6%f8,奧
%b6%c6,傲
%c0%ee,燠
%ad%63,苞
%f5%be,齙
%ad%4d,胞
%bd%c7,褒
%a5%5d,包
%c1%a1,薄
%e4%c6,鞄
%b9%72,雹
%b8%b6,葆
%e8%e9,鴇
%c4%5f,寶
%bd%c8,褓
%b9%a1,飽
%b3%f9,堡
%ab%4f,保
%a9%ea,抱
%b3%f8,報
%db%ad,菢
%d3%e5,趵
%bc%c9,暴
%c2%72,瀑
%b9%5e,鉋
%de%73,煲
%c3%7a,爆
%b0%5c,豹
%c0%6a,鮑
%a7%53,刨
%a9%df,拋
%e4%c6,鞄
%d7%4b,脬
%b0%cc,匏
%f5%be,齙
%a9%48,咆
%e8%f0,麃
%a9%b4,庖
%b3%54,袍
%cf%b2,炰
%a7%53,刨
%b6%5d,跑
%af%70,皰
%af%a5,砲
%aa%77,泡
%ac%b6,炮
%ba%4e,摸
%bf%df,貓
%bc%f9,犛
%e5%f8,氂
%ad%54,茅
%a5%d9,矛
%e7%ba,蝥
%ee%69,蟊
%bb%ec,髦
%d1%d1,旄
%c1%e3,錨
%a4%f2,毛
%ad%67,茆
%a5%66,卯
%c0%b7,懋
%ac%fe,耄
%cd%bb,芼
%ad%5a,茂
%b4%55,帽
%e2%e7,瞀
%ab%5f,冒
%cf%e4,眊
%d7%c0,袤
%b6%54,貿
%bb%aa,貌
%d8%b9,媢
%c9%7b,忉
%a5%6f,叨
%a4%4d,刀
%d5%72,捯
%ec%ea,擣
%b7%6f,搗
%c3%ab,禱
%ae%71,島
%ad%cb,倒
%f9%41,纛
%c2%76,燾
%b1%a5,悼
%ec%db,幬
%a8%ec,到
%c1%d0,蹈
%b5%73,盜
%be%c9,導
%b9%44,道
%bd%5f,稻
%ad%cb,倒
%dd%b0,搯
%b1%c7,掏
%e2%4f,槄
%dd%6d,慆
%c3%fc,韜
%c5%b9,饕
%a5%6f,叨
%cc%71,弢
%c0%dc,濤
%b7%ca,滔
%b8%6c,絛
%ea%d6,縚
%c2%68,檮
%ae%e7,桃
%c2%76,燾
%b5%e5,萄
%b0%6b,逃
%b3%b3,陶
%b0%de,啕
%ce%42,咷
%c0%dc,濤
%b2%5e,淘
%ac%ab,洮
%e3%70,綯
%b0%51,討
%ae%4d,套
%bc%b8,撓
%be%f8,橈
%cc%ac,怓
%a9%4c,呶
%f2%f8,譊
%c4%c2,鐃
%da%71,猱
%b4%6f,惱
%b7%ea,瑙
%b8%a3,腦
%be%78,鬧
%d5%ef,淖
%bc%b4,撈
%f1%52,醪
%bc%47,嘮
%c0%f7,癆
%a8%63,牢
%f4%f9,鐒
%b3%d2,勞
%e0%f2,僗
%d1%dd,栳
%a6%d1,老
%bc%e3,潦
%e4%7b,銠
%ab%be,姥
%b8%a8,落
%b9%54,酪
%bc%e3,潦
%e5%fc,澇
%af%4f,烙
%e1%6f,嫪
%f2%53,櫜
%bf%7c,糕
%b8%41,睪
%bb%49,膏
%b0%aa,高
%af%cc,羔
%bf%74,篙
%b7%64,搞
%c5%cd,攪
%ba%60,槁
%c2%ee,鎬
%bd%5a,稿
%bf%a5,縞
%a7%69,告
%bb%a2,誥
%e8%70,鋯
%c9%75,尻
%ab%fe,拷
%d1%dc,栲
%a6%d2,考
%ca%f7,攷
%af%4e,烤
%be%61,靠
%ba%b9,犒
%be%52,銬
%ee%51,薅
%bb%55,蒿
%ec%c3,嚆
%c0%a2,壕
%c4%ae,蠔
%c0%7a,嚎
%bb%a8,豪
%b2%40,毫
%c0%da,濠
%b8%e8,貉
%c5%62,鶴
%b0%71,郝
%a6%6e,好
%af%d3,耗
%b8%b9,號
%a9%fe,昊
%c5%56,顥
%af%45,浩
%b2%55,涸
%f8%af,灝
%c2%ee,鎬
%b5%71,皓
%a6%6e,好
%a9%db,招
%a7%ec,抓
%b4%c2,朝
%b5%db,著
%bc%4a,嘲
%ac%4c,昭
%b0%78,釗
%b5%db,著
%a7%e4,找
%aa%68,沼
%a4%f6,爪
%b4%cd,棹
%c2%67,櫂
%bb%af,趙
%a5%fc,兆
%b7%d3,照
%b8%6e,罩
%a5%6c,召
%b6%40,詔
%d9%7d,旐
%bb%46,肇
%d5%ef,淖
%ac%b7,炤
%d3%45,笊
%a7%db,抄
%b6%57,超
%b6%72,鈔
%b4%c2,朝
%bc%4a,嘲
%ae%d0,晁
%bc%e9,潮
%b1%5f,巢
%b6%d3,勦
%a7%6e,吵
%aa%a3,炒
%ae%b4,捎
%b1%e9,梢
%b5%79,稍
%bf%4e,燒
%df%a5,艄
%a8%40,杓
%a8%a2,芍
%bb%e0,韶
%a4%63,勺
%a4%d6,少
%ad%ef,哨
%a5%6c,召
%aa%f2,邵
%ca%6f,劭
%b2%d0,紹
%be%f8,橈
%ea%fe,蕘
%c2%cc,蟯
%c4%c7,饒
%bc%63,嬈
%c2%5a,擾
%eb%d0,遶
%c2%b6,繞
%be%44,遭
%c1%56,糟
%f0%fe,蹧
%c6%77,鑿
%b4%c7,棗
%c4%a6,藻
%ed%6a,璪
%b0%44,蚤
%a6%ad,早
%be%fe,澡
%f2%b2,繰
%b3%79,造
%f4%d6,趮
%e1%d1,慥
%be%b8,噪
%c4%bc,躁
%c4%b7,譟
%ba%a8,漕
%cb%71,皁
%a8%6d,皂
%c0%ea,燥
%a8%5f,灶
%ed%c5,簉
%be%de,操
%c1%57,糙
%bc%d1,槽
%b1%e4,曹
%ee%5d,螬
%b9%cb,嘈
%ba%a8,漕
%af%f3,草
%ca%4a,艸
%b3%79,造
%be%de,操
%e1%d1,慥
%cd%ab,肏
%b7%6b,搔
%ed%eb,臊
%c4%cc,騷
%bf%b4,艘
%f2%b2,繰
%c1%62,繅
%b1%bd,掃
%d4%b5,埽
%b7%41,嫂
%ed%eb,臊
%b0%cf,區
%c5%c3,鷗
%bf%5e,甌
%bc%da,歐
%e5%be,敺
%bc%de,毆
%f0%dd,謳
%f8%ec,齵
%bd%a2,耦
%c3%c2,藕
%b9%c3,嘔
%b0%b8,偶
%e1%d3,慪
%e2%78,漚
%ad%e5,剖
%ca%eb,抔
%d5%68,掊
%b8%cf,裒
%b0%f6,培
%ad%e5,剖
%de%c0,瓿
%db%bf,蛑
%ee%de,鍪
%b2%b6,眸
%bf%d1,謀
%cb%c6,侔
%a6%c8,牟
%c1%5b,繆
%a8%64,牡
%c9%4e,冇
%ac%59,某
%af%61,畝
%c0%b7,懋
%ad%5a,茂
%e2%e7,瞀
%d7%c0,袤
%b6%54,貿
%aa%e6,芣
%d0%4d,罘
%af%42,浮
%a7%5f,否
%a6%ce,缶
%d2%6f,缹
%b4%5f,復
%b3%a3,都
%d0%f2,唗
%b0%c2,兜
%a7%dd,抖
%b0%42,蚪
%b0%7e,陡
%a4%e6,斗
%d7%5e,荳
%a8%a7,豆
%b3%72,逗
%b0%ab,鬥
%c5%aa,讀
%b5%6b,痘
%c4%75,竇
%e8%c3,餖
%b0%bd,偷
%d8%c1,媮
%a7%eb,投
%c0%59,頭
%d7%f3,酘
%b3%7a,透
%d0%f1,哢
%bf%ae,耨
%ed%63,獳
%ba%4f,摟
%ea%79,瞜
%bc%d3,樓
%ed%e7,耬
%e7%6f,蔞
%b0%fa,婁
%c1%b2,螻
%b9%c6,嘍
%c5%5c,髏
%dc%bc,僂
%c1%4d,簍
%ad%ae,陋
%bf%62,瘺
%ba%7c,漏
%c3%f3,鏤
%b7%be,溝
%b9%5f,鉤
%a5%79,句
%a4%c4,勾
%ac%65,枸
%ad%65,苟
%aa%af,狗
%d6%d6,笱
%b7%70,搆
%ba%63,構
%ab%af,垢
%dd%62,彀
%bb%b8,遘
%ee%7a,覯
%c1%ca,購
%b8%e1,詬
%b0%6d,逅
%b0%f7,夠
%b6%fc,媾
%e1%e0,摳
%e1%be,彄
%a4%66,口
%a6%a9,扣
%f6%b6,鷇
%e7%4d,蔻
%a5%6e,叩
%b1%46,寇
%b3%a7,釦
%a7%46,佝
%f3%f8,齁
%b3%ef,喉
%e2%df,瘊
%ef%53,餱
%ab%4a,侯
%b5%55,猴
%bd%6a,篌
%a7%71,吼
%b3%fb,堠
%ab%70,厚
%a6%5a,后
%c6%4d,鱟
%b0%6d,逅
%ad%d4,候
%ab%e1,後
%c0%f2,獲
%e0%7a,輈
%ed%79,盩
%a6%7b,州
%b0%e7,啁
%e7%ea,賙
%a9%50,周
%b6%67,週
%b5%b0,粥
%f6%4e,譸
%ac%77,洲
%a6%e0,舟
%cb%c5,侜
%b6%62,軸
%e9%42,噣
%d7%54,舳
%a9%6f,妯
%a8%79,肘
%a9%aa,帚
%b1%de,晝
%ab%60,冑
%d4%40,酎
%a9%47,咒
%a9%7a,宙
%e2%d7,甃
%bd%4b,皺
%ac%f4,紂
%bf%a8,縐
%a9%e2,抽
%dd%7a,搐
%dd%b1,搊
%ea%6f,瘳
%a6%60,圳
%b1%a8,惆
%ec%db,幬
%b9%53,酬
%c5%43,躊
%c3%a5,疇
%b7%54,愁
%b8%59,稠
%be%a9,儔
%c3%57,鯈
%a4%b3,仇
%f8%41,讎
%c4%77,籌
%d6%e8,紬
%ba%f7,綢
%c1%e0,醜
%e2%e4,瞅
%a4%a1,丑
%af%e4,臭
%ed%c5,簉
%a6%ac,收
%bc%f4,熟
%a6%75,守
%ad%ba,首
%a4%e2,手
%dd%7d,搠
%b1%c2,授
%b9%d8,壽
%e3%b7,蒴
%a8%a2,芍
%c1%ac,蟀
%bc%c6,數
%ba%d3,碩
%c3%7e,獸
%b2%76,率
%bd%47,瘦
%a6%75,守
%e2%54,槊
%ae%d2,朔
%c5%e0,鑠
%a8%fc,受
%b0%e2,售
%ac%bc,狩
%c3%7b,爍
%ab%d3,帥
%a4%63,勺
%a6%71,妁
%ba%fe,綬
%b4%7c,揉
%eb%ca,輮
%ac%58,柔
%bf%e4,蹂
%e6%df,糅
%de%6e,煣
%ae%7a,弱
%a6%d7,肉
%b3%b5,陬
%f5%5f,騶
%ee%a4,謅
%e7%d4,諏
%f3%c8,鯫
%b9%51,鄒
%e3%69,緅
%a8%ab,走
%b4%7e,揍
%ab%b5,奏
%c6%4a,驟
%bf%ea,輳
%df%73,腠
%b4%ea,湊
%b7%6a,搜
%bb%60,蒐
%c4%42,颼
%dd%60,廋
%de%59,溲
%c3%49,餿
%bf%b4,艘
%c2%5d,擻
%c3%c1,藪
%ad%ee,叟
%b9%be,嗾
%b9%c2,嗽
%ba%a4,漱
%c4%4f,鵪
%b5%da,菴
%be%62,鞍
%b3%b1,陰
%df%72,腤
%c9%44,厂
%bf%da,諳
%b1%67,庵
%a6%77,安
%ea%75,盦
%a8%e0,兒
%ae%f2,氨
%d8%c0,媕
%d8%75,啽
%d4%7b,唵
%d9%a3,晻
%ad%cd,俺
%ab%f6,按
%d1%db,桉
%a9%a4,岸
%b7%74,暗
%c5%66,黯
%ee%ee,闇
%ae%d7,案
%ca%43,犴
%d3%e0,豻
%a7%e6,扳
%b7%68,搬
%b4%b3,斑
%af%5a,班
%dd%bd,斒
%bd%49,瘢
%b9%7b,頒
%af%eb,般
%aa%4f,板
%a8%c1,阪
%c1%f3,闆
%aa%a9,版
%af%ea,舨
%e8%e3,魬
%a9%d5,拌
%a7%ea,扮
%e4%bf,靽
%c9%62,爿
%a5%62,半
%c3%a4,瓣
%bf%ec,辦
%a6%f1,伴
%b2%cc,絆
%c3%6b,攀
%bc%ef,潘
%b5%66,番
%c2%cf,蟠
%ed%a8,磻
%ba%6e,槃
%f3%a3,鞶
%bd%4c,盤
%bd%59,磐
%dc%fd,媻
%af%eb,般
%a9%d5,拌
%a9%e9,拚
%ac%df,盼
%af%60,畔
%cc%f1,泮
%f9%4b,襻
%a7%50,判
%ab%71,叛
%ec%56,鞔
%f5%4f,顢
%c2%da,蹣
%bf%66,瞞
%f6%a5,鬘
%c4%43,饅
%c5%c1,鰻
%c6%5a,蠻
%ba%a1,滿
%e1%5b,墁
%bd%af,蔓
%ba%43,慢
%b9%f7,幔
%b0%d2,曼
%f0%e3,謾
%ba%a9,漫
%c3%ee,鏝
%e1%70,嫚
%c1%67,縵
%bc%6e,幡
%ef%d9,旛
%b5%66,番
%c2%bd,翻
%c2%ba,繙
%c4%73,礬
%bc%d4,樊
%bc%5c,墦
%c3%bf,藩
%bf%bb,蕃
%a6%7c,帆
%f3%53,蹯
%a4%5a,凡
%ea%ee,膰
%b3%ab,釩
%ea%4f,燔
%b7%d0,煩
%c1%63,繁
%a4%cf,反
%aa%f0,返
%b1%eb,梵
%ad%53,范
%b3%63,販
%a6%c6,汎
%a5%c6,氾
%aa%78,泛
%b6%ba,飯
%a5%c7,犯
%bd%64,範
%be%e1,擔
%d7%f2,酖
%e9%e3,殫
%d7%43,聃
%af%d4,耽
%b3%e6,單
%cf%e0,眈
%a4%a6,丹
%b4%ef,湛
%e4%ee,儋
%c2%b0,簞
%bc%c2,撢
%e5%b8,撣
%c1%78,膽
%af%6e,疸
%bc%aa,憚
%b3%4a,蛋
%b0%e8,啗
%b0%dc,啖
%e4%fc,噉
%a5%b9,旦
%bc%75,彈
%bd%cf,誕
%ed%76,癉
%bf%46,澹
%b2%48,淡
%e0%ba,鉭
%a6%fd,但
%b4%e1,氮
%c5%75,攤
%a7%7e,坍
%c5%f5,癱
%c5%79,灘
%b3%67,貪
%ce%c0,怹
%c0%c8,檀
%cc%e0,枟
%be%c2,壇
%f0%bf,蟫
%b5%f7,覃
%f3%5e,醰
%be%e8,曇
%bc%75,彈
%c3%d3,譚
%bd%cd,談
%b7%f0,痰
%bc%e6,潭
%d7%e8,郯
%c2%bb,罈
%a9%5a,坦
%ca%d8,忐
%f6%cc,黮
%b3%52,袒
%b4%e0,毯
%b1%b4,探
%bc%db,歎
%ac%b4,炭
%ba%d2,碳
%b9%c4,嘆
%a6%5f,囝
%c9%c6,囡
%ab%6e,南
%b7%a3,楠
%c3%f8,難
%b3%e4,喃
%a8%6b,男
%eb%a4,諵
%b3%69,赧
%f7%d9,戁
%e7%bc,蝻
%df%76,腩
%b0%fd,婪
%c4%64,攔
%c4%e6,欄
%c4%f5,蘭
%c2%c5,藍
%b4%50,嵐
%c1%f1,闌
%f8%c2,讕
%c4%e3,斕
%c4%69,瀾
%f7%fc,襴
%c4%b0,襤
%f9%53,鑭
%c4%78,籃
%c5%f3,攬
%c6%56,欖
%c3%69,懶
%c4%fd,覽
%a7%5a,卵
%f1%fb,嬾
%c0%dd,濫
%c4%ea,爛
%c6%6c,纜
%a7%fd,杆
%ac%61,柑
%b0%ae,乾
%a9%58,坩
%c0%aa,尷
%a5%cc,甘
%a4%7a,干
%cb%68,玕
%a8%78,肝
%af%69,疳
%cc%f4,泔
%ac%f1,竿
%b1%ec,桿
%be%f1,橄
%bb%b0,趕
%b4%b1,敢
%b7%50,感
%b5%7a,稈
%ba%6d,榦
%b7%46,幹
%c6%42,贛
%b2%68,淦
%f9%a2,灨
%d6%e6,紺
%b3%f4,堪
%b7%60,戡
%d8%dc,嵁
%f7%ce,龕
%a5%5a,刊
%c2%65,檻
%f4%dc,轗
%a7%a2,坎
%ac%e5,砍
%a8%d4,侃
%e1%65,墈
%b0%c9,勘
%b4%4f,嵌
%e2%ec,碪
%f8%f9,矙
%c0%fd,瞰
%f5%45,闞
%ac%dd,看
%d0%ab,衎
%a9%4d,和
%b3%46,蚶
%e9%77,憨
%b6%6f,酣
%dc%ac,頇
%d0%fd,唅
%c2%4d,鼾
%ba%6d,榦
%c1%fa,韓
%cd%d5,邯
%a8%e7,函
%ca%52,邗
%b4%48,寒
%b2%5b,涵
%a7%74,含
%e7%55,蔊
%b3%db,喊
%f5%45,闞
%a8%75,罕
%c9%e4,扞
%be%d9,撼
%bf%ab,翰
%db%72,菡
%ae%ab,悍
%be%d1,憾
%d6%72,琀
%a7%f2,旱
%e5%c3,暵
%d8%46,閈
%a6%bd,汗
%c3%76,瀚
%ba%7e,漢
%be%5a,銲
%c0%58,頷
%ca%43,犴
%e6%63,熯
%d3%e0,豻
%d1%ea,栴
%a5%65,占
%db%d1,覘
%cc%a3,怗
%d6%df,粘
%c0%4c,霑
%cb%e1,呫
%c2%a4,瞻
%c4%b8,譫
%d1%d0,旃
%f8%de,鸇
%c0%d6,氈
%aa%67,沾
%f6%76,饘
%b8%e2,詹
%f8%d6,鱣
%dd%aa,搌
%c1%d3,輾
%b1%d9,斬
%b9%f1,嶄
%da%7e,琖
%ee%bb,蹍
%e4%cc,颭
%ae%69,展
%f0%52,皽
%b7%f8,盞
%bc%c8,暫
%b4%cc,棧
%c5%d9,蘸
%be%d4,戰
%af%b8,站
%c5%b8,顫
%b4%ef,湛
%a6%fb,佔
%ba%ec,綻
%c4%65,攙
%ba%55,摻
%e9%6c,幨
%f2%ee,襜
%c4%60,巉
%c2%cd,蟬
%c3%ca,蟾
%b3%e6,單
%f7%5e,躔
%b4%47,孱
%c5%fe,讒
%e5%73,廛
%bc%eb,潺
%bf%47,澶
%c1%49,禪
%f9%55,鑱
%c6%61,饞
%f1%ed,劖
%bc%60,嬋
%c4%f1,纏
%eb%41,蕆
%b9%f1,嶄
%f6%d8,囅
%c4%c4,闡
%b2%a3,產
%bd%d4,諂
%b6%d0,剷
%c3%ea,鏟
%c4%62,懺
%c4%f3,羼
%c5%b8,顫
%dd%b5,搧
%ba%55,摻
%a7%fc,杉
%d4%ba,埏
%d0%73,苫
%aa%df,芟
%a4%73,山
%ac%c0,珊
%b6%5c,跚
%ed%e8,膻
%a7%52,刪
%ad%6d,衫
%c3%bb,羶
%ba%b4,煽
%ad%51,舢
%a9%6b,姍
%b0%a2,陝
%b0%7b,閃
%be%d5,擅
%ca%e9,抎
%ac%5d,柵
%c5%eb,鱔
%b3%e6,單
%c4%ba,贍
%bf%af,膳
%f5%62,騸
%b0%53,訕
%aa%b7,疝
%a6%c2,汕
%c1%49,禪
%ae%b0,扇
%b5%bd,善
%e8%54,鄯
%d0%e6,剡
%f8%d6,鱣
%e9%51,嬗
%c2%b5,繕
%bf%55,燃
%b5%4d,然
%bc%b8,撓
%ad%5c,苒
%a5%54,冉
%ac%56,染
%cc%49,姌
%c2%af,簪
%e6%e1,糌
%ab%a5,咱
%d8%73,喒
%b0%af,偺
%ce%df,拶
%f6%e3,攢
%f9%6f,趲
%e4%fd,噆
%d4%f1,寁
%f5%c1,儹
%c3%f5,鏨
%bc%c8,暫
%c3%d9,贊
%c5%d0,瓚
%f6%d9,囋
%c6%67,讚
%c0%5c,餐
%f6%7c,驂
%b0%d1,參
%ba%46,慚
%d3%c9,蚕
%b4%dd,殘
%c5%fa,蠶
%ba%47,慘
%f8%76,黲
%df%54,粲
%c0%f6,璨
%b4%47,孱
%c0%e9,燦
%a4%54,三
%d7%fc,釤
%b0%d1,參
%e5%f7,毿
%c1%58,糝
%b3%ca,傘
%f0%6f,繖
%b4%b2,散
%ae%a6,恩
%dd%ae,摁
%b6%4e,賁
%a9%62,奔
%eb%e6,錛
%a5%bb,本
%ad%66,苯
%af%63,畚
%ca%ac,坌
%b2%c2,笨
%e9%de,歕
%bc%51,噴
%da%4b,湓
%ac%d6,盆
%b4%65,悶
%ad%cc,們
%bf%54,燜
%b1%bf,捫
%aa%f9,門
%eb%ea,鍆
%ad%cc,們
%b4%65,悶
%c2%56,懣
%bf%54,燜
%b4%d9,棻
%aa%e2,芬
%dc%a8,雰
%a7%68,吩
%a4%c0,分
%aa%5e,氛
%af%c9,紛
%d9%c8,棼
%b5%49,焚
%cc%de,枌
%bc%58,墳
%ea%fd,蕡
%d3%c7,蚡
%a8%57,汾
%ef%b4,鼢
%af%bb,粉
%be%c4,奮
%c1%54,糞
%bc%ab,憤
%bc%51,噴
%a9%c1,忿
%a5%f7,份
%e0%f3,僨
%b9%e0,嫩
%ae%da,根
%b8%f2,跟
%a6%e1,艮
%cd%fe,哏
%aa%45,枕
%d3%a3,茛
%a5%e5,亙
%a6%e1,艮
%aa%d6,肯
%b0%d9,啃
%be%c1,墾
%c0%b5,懇
%d5%76,掯
%db%cf,裉
%be%b2,噙
%b2%aa,痕
%ab%dc,很
%ac%bd,狠
%ab%eb,恨
%af%75,真
%ae%b6,振
%ba%64,榛
%dd%d2,椹
%b7%a9,楨
%e3%b8,蓁
%b7%72,斟
%ad%73,貞
%e0%a2,遉
%de%b2,瑊
%ac%c3,珍
%e2%ec,碪
%af%7a,砧
%bf%b2,臻
%ba%c2,甄
%d0%65,胗
%de%4c,溱
%d9%fe,湞
%e6%d0,禛
%ba%d5,禎
%b0%77,針
%ee%d3,鍼
%b0%bb,偵
%de%b0,獉
%bd%65,箴
%dc%48,軫
%d2%c1,畛
%f5%68,鬒
%b6%45,診
%af%6c,疹
%d7%bf,袗
%e6%d2,稹
%bf%a6,縝
%d6%ec,紾
%ae%b6,振
%d9%5f,揕
%aa%45,枕
%e2%d0,瑱
%d7%f2,酖
%be%5f,震
%b0%7d,陣
%bb%ac,賑
%ae%d3,朕
%c2%ed,鎮
%be%7d,鴆
%ae%57,娠
%cc%bd,抻
%d5%77,捵
%b5%60,琛
%dc%d2,嗔
%bd%51,瞋
%b0%d1,參
%be%ed,橙
%d5%ba,梣
%e7%7d,蔯
%a7%d5,忱
%b3%af,陳
%b1%e1,晨
%a6%da,臣
%a8%b0,辰
%bf%db,諶
%b9%d0,塵
%ae%66,宸
%a8%49,沉
%a8%48,沈
%ea%a7,磣
%c4%68,櫬
%b6%58,趁
%ef%b5,齔
%c2%f4,闖
%c6%40,讖
%c5%a8,襯
%ba%d9,稱
%d2%c0,甡
%b2%f1,莘
%a5%d3,申
%af%7e,砷
%a9%44,呻
%e0%4d,詵
%b2%60,深
%a8%ad,身
%a6%f9,伸
%b0%d1,參
%ae%57,娠
%b2%d4,紳
%af%ab,神
%ab%7b,哂
%f7%5a,讅
%e7%dc,諗
%bc%66,審
%c2%6e,瀋
%a8%48,沈
%cf%e8,矧
%c2%54,嬸
%cc%bd,抻
%dd%d2,椹
%ac%c6,甚
%df%b8,葚
%b7%56,慎
%b5%c7,腎
%b8%c2,蜃
%ba%af,滲
%a4%48,人
%a4%d0,壬
%a4%af,仁
%af%f6,荏
%a7%d4,忍
%b8%5a,稔
%cb%60,牣
%b0%62,軔
%df%b8,葚
%b6%b4,韌
%a4%62,刃
%d3%dd,訒
%bb%7b,認
%b0%4d,衽
%b6%b9,飪
%d1%a1,恁
%b8%ee,賃
%a5%f4,任
%a5%51,仞
%a7%b3,妊
%d3%51,紝
%ac%f7,紉
%c2%af,簪
%ab%e7,怎
%f2%fb,譖
%b0%d1,參
%a7%c2,岑
%af%4b,涔
%b4%cb,森
%b5%cb,腌
%bb%ea,骯
%a9%f9,昂
%c9%57,卬
%af%73,盎
%b1%f5,梆
%a8%b9,邦
%f1%7d,鞤
%c0%b0,幫
%b3%c4,傍
%ba%5d,榜
%bf%c0,螃
%bb%48,膀
%e2%c6,牓
%b8%6a,綁
%b4%ce,棒
%e3%ae,蒡
%b0%46,蚌
%bd%53,磅
%c1%bd,謗
%c2%e9,鎊
%b7%4b,徬
%bd%53,磅
%b7%bc,滂
%a5%e3,乓
%ca%be,尨
%bf%c0,螃
%dc%a7,雱
%bb%48,膀
%ae%c7,旁
%d1%78,庬
%c3%65,龐
%b3%c4,傍
%a7%cf,彷
%b7%4b,徬
%d3%ef,逄
%ea%e5,耪
%dc%df,嗙
%ad%44,胖
%d6%5d,牻
%ca%be,尨
%a8%7e,芒
%af%ed,茫
%a6%a3,忙
%aa%bc,盲
%aa%5d,氓
%e8%6c,鋩
%b2%f5,莽
%c1%af,蟒
%e2%a5,漭
%aa%44,枋
%a7%7b,坊
%aa%da,芳
%a4%e8,方
%dc%62,鈁
%a8%be,防
%aa%d5,肪
%a9%d0,房
%e8%db,魴
%a7%ab,妨
%cc%c4,昉
%e4%db,髣
%b3%58,訪
%a5%e9,仿
%ad%c0,倣
%a7%cf,彷
%af%e9,舫
%af%bc,紡
%a9%f1,放
%b7%ed,當
%ed%68,璫
%be%b4,噹
%c3%cb,襠
%c5%4c,鐺
%f2%aa,簹
%be%d7,擋
%f7%dc,攩
%c4%d2,黨
%c6%6d,讜
%c0%c9,檔
%bf%ba,蕩
%e2%ee,碭
%cc%58,宕
%c0%fa,盪
%f1%41,蹚
%b4%f6,湯
%c3%ed,鏜
%b7%65,搪
%b6%ed,塘
%ee%b9,赯
%b4%c5,棠
%b0%f3,堂
%bf%7d,糖
%c1%ae,螳
%eb%5d,螗
%bd%a3,膛
%ad%f0,唐
%de%46,溏
%d5%5c,惝
%b2%49,淌
%f9%bf,钂
%ad%d5,倘
%c5%6c,儻
%bd%f6,躺
%a9%ae,帑
%bd%eb,趟
%bf%53,燙
%f8%ee,囔
%c5%6e,囊
%f8%ef,攮
%c4%e4,曩
%f9%d4,齉
%d8%6a,啷
%b7%7d,榔
%d7%5b,莨
%df%e2,蜋
%bd%b8,螂
%b2%77,琅
%b7%e3,瑯
%da%c5,硠
%e4%57,踉
%b4%59,廊
%ad%a6,郎
%e8%63,鋃
%da%d6,稂
%af%54,狼
%e8%a6,閬
%ae%d4,朗
%d6%48,烺
%e8%a6,閬
%ae%f6,浪
%a6%aa,扛
%a7%fe,杠
%b1%5e,崗
%d3%5c,罡
%a9%a3,岡
%a8%7a,肛
%ad%e8,剛
%a4%ae,亢
%cd%74,疘
%bf%fb,鋼
%ac%fb,缸
%ba%f5,綱
%b4%e4,港
%ba%62,槓
%f9%ba,戇
%ba%42,慷
%c1%52,糠
%bb%ea,骯
%b1%64,康
%a6%aa,扛
%ba%42,慷
%a7%dc,抗
%c9%c2,匟
%a4%ae,亢
%a5%ea,伉
%cb%66,犺
%aa%a1,炕
%c9%71,夯
%ae%ec,桁
%aa%43,杭
%a7%5c,吭
%e0%de,頏
%a6%e6,行
%af%e8,航
%da%fb,絎
%ae%ec,桁
%a8%59,沆
%bc%cc,樟
%e3%5e,粻
%bc%fd,璋
%b1%69,張
%b3%b9,章
%b9%fc,彰
%ba%73,漳
%ba%bc,獐
%b4%78,掌
%aa%f8,長
%a7%fa,杖
%a4%56,丈
%e1%a3,嶂
%b1%62,帳
%b9%f3,幛
%bb%d9,障
%bd%e3,賬
%b5%c8,脹
%b1%69,張
%aa%f8,長
%bf%60,瘴
%ba%a6,漲
%a5%4d,仗
%db%75,菖
%a9%f7,昌
%ec%4b,閶
%ad%ce,倀
%b2%73,猖
%c4%49,鯧
%b1%40,娼
%b3%f5,場
%bb%6e,裳
%b1%60,常
%b9%c1,嘗
%c0%7c,嚐
%b8%7a,腸
%aa%f8,長
%c0%76,償
%b1%75,徜
%b9%df,嫦
%be%fb,氅
%d5%5c,惝
%b4%af,敞
%bc%74,廠
%ce%eb,昶
%d4%4a,鬯
%b1%a3,悵
%ba%5a,暢
%b0%db,唱
%ad%d2,倡
%bb%6e,裳
%bc%dc,殤
%b0%d3,商
%b4%f6,湯
%b6%cb,傷
%c2%d2,觴
%bd%e0,賞
%ae%ce,晌
%a4%57,上
%a9%7c,尚
%c4%57,嚷
%c4%63,攘
%f5%f1,蘘
%f1%ee,勷
%c5%7b,瓤
%f4%5b,瀼
%c5%a1,禳
%f6%f8,穰
%c4%63,攘
%c4%5b,壤
%c4%57,嚷
%f6%f8,穰
%c5%fd,讓
%d2%7d,牂
%c5%42,贓
%c5%d8,臢
%c5%bc,髒
%bb%4e,臧
%e8%ca,駔
%b8%ae,葬
%c2%c3,藏
%ae%4e,奘
%c5%a6,臟
%bb%61,蒼
%b7%c9,滄
%ad%dc,倉
%b3%c9,傖
%bf%b5,艙
%c2%c3,藏
%b3%e0,喪
%ae%e1,桑
%dd%ba,搡
%e6%ca,磉
%f3%a8,顙
%b6%da,嗓
%b3%e0,喪
%b1%59,崩
%d5%4d,弸
%de%d2,痭
%ca%5b,伻
%c1%5e,繃
%ac%c7,甭
%da%7d,琫
%dd%7b,搒
%ba%5d,榜
%d4%b8,堋
%b0%46,蚌
%ac%a6,泵
%c2%db,蹦
%b0%6e,迸
%a9%e1,抨
%cc%7b,怦
%af%79,砰
%b2%69,烹
%bc%ea,澎
%b4%d7,棚
%d4%b8,堋
%b4%5e,彭
%cb%a2,芃
%bd%b4,蓬
%f0%be,蟛
%b8%4e,硼
%aa%42,朋
%c4%50,鵬
%bf%b1,膨
%f1%bd,鬅
%c1%4f,篷
%b1%b7,捧
%b8%49,碰
%c3%a9,矇
%c2%63,檬
%ca%be,尨
%bb%58,蒙
%b5%de,萌
%bf%5f,甍
%c3%6a,懵
%ec%dc,幪
%ad%6a,虻
%e0%d6,雺
%b7%f9,盟
%ef%da,曚
%c3%a9,矇
%c2%61,朦
%aa%5d,氓
%c0%db,濛
%f4%b6,艨
%ec%dc,幪
%f4%c8,蠓
%bb%67,蜢
%bf%f8,錳
%b2%72,猛
%bb%53,艋
%b9%da,夢
%a9%73,孟
%a4%a5,丰
%b7%ac,楓
%ab%ca,封
%df%b1,葑
%ae%70,峰
%c2%d7,豐
%f6%5a,酆
%b8%c1,蜂
%ad%b7,風
%ba%c6,瘋
%f5%d3,灃
%be%57,鋒
%b2%6c,烽
%b6%be,馮
%b3%7b,逢
%c1%5f,縫
%d4%77,唪
%a9%5e,奉
%eb%b4,賵
%bb%f1,鳳
%bf%d8,諷
%ad%c4,俸
%b5%6e,登
%bf%4f,燈
%b5%a5,等
%bc%6a,嶝
%c1%45,磴
%b9%b9,凳
%be%48,鄧
%c3%de,蹬
%c0%fc,瞪
%bc%e1,澄
%f4%f1,鐙
%c3%c3,藤
%ea%d7,縢
%bc%f0,滕
%c1%c3,謄
%c4%cb,騰
%b5%68,痛
%af%6b,疼
%c1%77,膿
%af%e0,能
%a7%cb,弄
%a9%c3,怔
%b7%ab,楞
%ee%55,薐
%d4%f7,崚
%b8%57,稜
%a7%4e,冷
%b4%68,愣
%af%d1,耕
%a7%f3,更
%bd%e9,賡
%a9%b0,庚
%f3%da,鶊
%c3%bc,羹
%e6%e5,緪
%b1%f0,梗
%ae%47,埂
%af%d5,耿
%ae%43,哽
%ef%64,骾
%f1%c7,鯁
%df%58,綆
%a5%e5,亙
%d6%5e,牼
%a7%7c,坑
%da%c8,硜
%a8%c2,阬
%c3%f4,鏗
%dc%70,鈧
%b6%c9,傾
%aa%d6,肯
%ad%f3,哼
%a6%eb,亨
%ae%ec,桁
%be%ee,橫
%f4%c1,蘅
%ab%ed,恆
%d2%b2,珩
%a6%eb,亨
%bf%c5,衡
%da%fb,絎
%b1%c3,掙
%b7%a9,楨
%bb%5d,蒸
%ad%73,貞
%e0%a2,遉
%b1%57,崢
%a9%c3,怔
%a4%42,丁
%d2%6d,烝
%b8%43,睜
%bd%d8,諍
%c4%70,癥
%d9%fe,湞
%ba%d5,禎
%bf%fe,錚
%e0%b2,鉦
%aa%a7,爭
%b0%bb,偵
%a9%ba,征
%bc%78,徵
%b2%75,猙
%ba%e5,箏
%c4%4a,鯖
%be%e3,整
%ac%40,拯
%b1%c3,掙
%b4%56,幀
%a5%bf,正
%ac%46,政
%bd%d8,諍
%b5%fd,証
%c3%d2,證
%af%67,症
%be%47,鄭
%aa%a7,爭
%bc%b5,撐
%ec%f7,檉
%f2%de,蟶
%da%a5,琤
%e4%f8,噌
%bf%65,瞠
%ba%d9,稱
%d9%b3,棖
%be%ed,橙
%ab%b0,城
%b1%57,崢
%a9%d3,承
%a5%e0,丞
%a7%65,呈
%dc%e6,塍
%b8%db,誠
%bc%e1,澄
%e6%4a,澂
%df%f4,裎
%b2%b1,盛
%a6%a8,成
%ad%bc,乘
%b5%7b,程
%c3%67,懲
%b3%c9,傖
%b3%78,逞
%c1%fe,騁
%af%af,秤
%a5%cd,生
%ac%b9,牲
%b5%63,甥
%c1%6e,聲
%b0%a5,陞
%aa%40,昇
%a4%c9,升
%b2%c6,笙
%c3%b7,繩
%d2%d6,眚
%ac%d9,省
%dd%4f,嵊
%b8%74,聖
%c9%6f,圣
%d1%d4,晟
%b3%d3,勝
%c1%cb,賸
%b2%b1,盛
%ad%bc,乘
%b3%d1,剩
%a5%b5,扔
%a4%b4,仍
%bc%57,增
%bc%a8,憎
%ed%e3,罾
%b4%bf,曾
%ed%a4,矰
%c2%b9,繒
%c3%d8,贈
%ed%70,甑
%e5%65,嶒
%bc%68,層
%b4%bf,曾
%e4%f8,噌
%f3%4f,蹭
%b9%ac,僧
%aa%46,東
%c3%5d,鼕
%a9%4e,咚
%a5%56,冬
%cf%6c,氡
%b8%b3,董
%c0%b4,懂
%b4%c9,棟
%ab%f0,恫
%af%db,胴
%ad%e1,凍
%ac%7d,洞
%b0%ca,動
%ab%f0,恫
%b3%71,通
%d6%a2,痌
%e9%bf,橦
%ae%e4,桐
%d3%a6,茼
%ab%d0,峒
%e9%b3,曈
%c0%fb,瞳
%a6%50,同
%a7%cd,彤
%b5%a3,童
%bc%e0,潼
%c9%69,仝
%bb%c9,銅
%b9%ad,僮
%cb%be,侗
%ca%63,佟
%f0%a2,艟
%df%4a,筩
%b5%a9,筒
%d1%b6,捅
%b1%ed,桶
%b2%ce,統
%ba%45,慟
%b5%68,痛
%af%6b,疼
%db%c2,衕
%b9%41,農
%f4%e5,醲
%be%ba,噥
%c1%77,膿
%bf%40,濃
%f2%eb,襛
%c2%aa,穠
%bb%fa,儂
%a7%cb,弄
%f4%53,櫳
%f4%b8,蘢
%c4%6e,瓏
%b6%a9,隆
%c4%56,嚨
%f4%50,曨
%c4%ef,矓
%c4%67,朧
%c5%a4,聾
%f5%e2,礱
%c0%73,龍
%c3%65,龐
%ed%74,癃
%c1%4b,窿
%f2%5d,瀧
%c5%a2,籠
%c3%6c,攏
%c3%f7,隴
%c3%62,壟
%a7%cb,弄
%d0%f1,哢
%db%c1,衖
%ae%a5,恭
%b0%47,蚣
%a4%75,工
%a5%5c,功
%a7%f0,攻
%aa%d0,肱
%a4%7d,弓
%c5%c7,龔
%ae%63,宮
%a4%bd,公
%a8%d1,供
%b0%60,躬
%df%fd,觥
%ac%f5,紅
%ab%fd,拱
%a8%45,汞
%be%64,鞏
%a6%40,共
%b0%5e,貢
%b1%53,崆
%d5%54,悾
%aa%c5,空
%d5%e3,涳
%ad%c3,倥
%e3%4f,箜
%ae%a3,恐
%a4%d5,孔
%b1%b1,控
%c5%46,轟
%eb%ce,輷
%c1%a9,薨
%ca%a1,吽
%ab%a1,哄
%af%4d,烘
%d0%b1,訇
%d3%63,翃
%df%d2,葒
%ad%69,虹
%a5%b0,弘
%b6%a3,閎
%b0%52,訌
%d0%41,竑
%a7%bb,宏
%c2%45,鴻
%ac%78,洪
%aa%6c,泓
%c6%64,黌
%ac%f5,紅
%d3%54,紘
%ed%fb,蕻
%a8%45,汞
%c0%69,鬨
%a4%a4,中
%ac%d8,盅
%a9%be,忠
%a7%d8,忪
%b0%4a,衷
%c4%c1,鐘
%c1%e9,鍾
%ee%6e,螽
%b2%d7,終
%bf%e6,踵
%b8%7e,腫
%ad%e0,冢
%ba%d8,種
%ba%ea,粽
%b2%b3,眾
%ad%ab,重
%a5%f2,仲
%b2%ea,舂
%bc%a5,憧
%ca%dd,忡
%a5%52,充
%a8%52,沖
%bd%c4,衝
%b1%52,崇
%a6%e4,虫
%ad%ab,重
%c3%64,寵
%e0%b6,銃
%bd%c4,衝
%ba%5f,榕
%af%f1,茸
%bb%54,蓉
%c0%af,嶸
%bf%c4,融
%ae%65,容
%b7%bb,溶
%a6%a5,戎
%db%41,羢
%b9%7c,頌
%c2%e8,鎔
%d2%43,毧
%ba%61,榮
%cf%c0,狨
%ba%b2,熔
%b5%b3,絨
%e9%e6,氄
%b4%c4,棕
%c2%dc,蹤
%c3%4f,鬃
%a9%76,宗
%b1%71,從
%b6%cd,傯
%c1%60,總
%ba%ea,粽
%ba%ee,綜
%c1%61,縱
%bc%d7,樅
%bd%b5,蔥
%e6%a6,璁
%e6%a7,瑽
%c1%6f,聰
%f6%7b,驄
%a9%bf,忽
%f0%a8,藂
%c2%4f,叢
%b2%46,淙
%b1%71,從
%aa%51,松
%db%70,菘
%b7%43,嵩
%b1%5d,崧
%c3%50,鬆
%b2%53,淞
%ae%aa,悚
%ae%aa,悚
%da%dc,竦
%c1%71,聳
%bc%a3,慫
%bb%77,誦
%b3%5e,訟
%a7%ba,宋
%b0%65,送
%b9%7c,頌
%b4%a5,揖
%b3%fc,壹
%d9%da,欹
%a4%40,一
%be%b3,噫
%ab%a9,咿
%ed%df,繄
%ef%e9,毉
%c2%e5,醫
%f8%77,黳
%a6%e7,衣
%ba%ac,漪
%a8%cc,依
%a5%ec,伊
%d6%61,猗
%a6%6f,她
%a6%65,圯
%a6%69,夷
%d3%77,荑
%ec%da,嶷
%ba%c3,疑
%bf%f2,遺
%a9%c9,怡
%b3%44,蛇
%ab%78,咦
%b6%4d,貽
%af%d8,胰
%c9%6c,匜
%c0%5b,頤
%db%df,詒
%b0%59,訑
%b2%ad,痍
%a9%79,宜
%a8%5e,沂
%cf%70,洟
%b9%7e,飴
%b2%be,移
%bb%f6,儀
%c2%55,彝
%d3%ee,迻
%ed%c6,簃
%ab%bc,姨
%b4%c8,椅
%d0%77,苡
%f8%a3,齮
%a5%48,以
%a8%b2,迆
%eb%63,螘
%c3%c6,蟻
%a4%41,乙
%e7%fd,踦
%a4%77,已
%a7%c0,尾
%ba%59,旖
%d1%b0,扆
%e4%76,銥
%d0%c0,釔
%ad%ca,倚
%f2%c3,艤
%ad%a3,迤
%a8%6f,矣
%a7%ed,抑
%d1%ba,挹
%b1%b3,掖
%b6%63,軼
%d4%b7,埸
%c5%74,懿
%ed%f5,薏
%a6%e3,艾
%c3%c0,藝
%a6%7a,屹
%b8%77,肄
%e1%43,勩
%d1%a5,悒
%be%d0,憶
%bb%69,蜴
%e9%e2,殪
%ca%59,阣
%a8%b6,邑
%dc%cc,嗌
%c5%6d,囈
%a9%f6,易
%b2%a7,異
%e9%b5,曀
%ec%ee,斁
%c1%72,臆
%b5%c5,腋
%ac%fd,羿
%b2%dd,翌
%c1%6c,翼
%c1%6b,翳
%c5%e6,驛
%e4%d4,馹
%c9%dd,异
%a5%e7,亦
%a6%e7,衣
%df%f6,裛
%ab%d9,弈
%b8%c7,裔
%b7%4e,意
%ab%b3,奕
%c4%b6,譯
%bd%cb,誼
%b8%da,詣
%c4%b3,議
%d6%f6,翊
%bc%dd,毅
%e6%b0,瘞
%ac%cc,疫
%b7%b8,溢
%af%4a,浥
%b2%47,液
%a4%7c,弋
%a6%b2,曳
%af%71,益
%b8%71,義
%c2%ef,鎰
%f6%5e,鐿
%c9%40,乂
%a4%c2,刈
%a8%db,佾
%c9%68,仡
%bb%f5,億
%a7%48,佚
%a7%d0,役
%e6%66,熠
%be%b0,劓
%b6%68,逸
%c3%b6,繹
%bf%7e,縊
%b9%47,逼
%cc%59,屄
%d4%4d,偪
%b2%f2,荸
%bb%f3,鼻
%a4%50,匕
%a4%f1,比
%bb%c0,鄙
%cf%f9,秕
%a9%bc,彼
%b5%a7,筆
%a7%ad,妣
%b6%4e,賁
%a9%d8,拂
%b0%f1,埤
%e7%6e,蓽
%c1%a3,薜
%db%7c,萆
%e3%c9,蓖
%d0%6c,苾
%bd%aa,蔽
%cf%68,毖
%b9%fa,弊
%b9%f4,幣
%c0%c5,斃
%b6%4f,費
%d9%41,愊
%b4%70,愎
%b1%cd,敝
%ba%d1,碧
%b0%a1,陛
%b9%cd,嗶
%c2%de,蹕
%b6%5f,跛
%b2%a6,畢
%cd%71,畀
%f6%53,贔
%b8%44,睥
%df%74,腷
%f1%b9,髀
%e8%d2,骳
%b4%5d,弼
%c3%ce,襞
%be%c0,壁
%c2%7a,璧
%c1%75,臂
%c1%d7,避
%f4%d9,躄
%e9%58,嬖
%b3%ac,閉
%e0%cd,閟
%b9%40,辟
%b6%47,詖
%d5%4b,庳
%a7%c8,庇
%b7%f4,痺
%de%cd,痹
%aa%63,泌
%af%a6,祕
%bb%74,裨
%eb%7d,觱
%a5%b2,必
%b9%63,鉍
%e0%e2,飶
%af%b5,秘
%e4%d1,馝
%ad%da,俾
%a6%f2,佛
%d2%a5,狴
%ed%c3,篳
%e3%58,箅
%bf%7b,篦
%b1%41,婢
%a7%e5,批
%a9%dc,披
%cb%f2,坯
%a5%41,丕
%cf%ec,砒
%c5%52,霹
%bc%41,劈
%ca%60,伾
%cd%5f,狉
%af%c4,紕
%d9%c1,椑
%aa%4a,枇
%c5%67,鼙
%b0%f1,埤
%a5%d6,皮
%d3%bc,蚍
%b5%5c,琵
%b3%b2,陴
%ab%40,陂
%b0%e0,啤
%cf%69,毘
%f2%bc,羆
%ac%73,毗
%b5%ca,脾
%af%68,疲
%bb%74,裨
%a8%e0,兒
%d7%ef,郫
%ee%b7,貔
%d3%41,笓
%c9%c8,圮
%f1%f1,嚭
%d0%a1,苤
%a7%5f,否
%a5%d4,疋
%a4%c7,匹
%c9%79,庀
%c2%7d,癖
%b5%6c,痞
%a5%f6,仳
%e9%a4,擗
%c4%b4,譬
%f8%e5,鷿
%f0%49,甓
%a7%be,屁
%c5%50,闢
%b9%40,辟
%e9%ed,澼
%ed%57,濞
%b9%65,鈹
%bb%f7,僻
%b7%42,媲
%ab%7d,咪
%bd%4e,瞇
%f7%f3,蘼
%b0%67,迷
%f8%c7,醾
%c0%b1,彌
%c1%bc,謎
%c1%53,糜
%ed%dd,縻
%c2%47,麋
%c4%6a,瀰
%f2%a5,禰
%f4%6e,獼
%aa%cb,羋
%a6%cc,米
%ae%c5,敉
%d6%a9,眯
%ab%da,弭
%c3%fb,靡
%dc%e2,塓
%dd%59,幎
%c1%c4,謐
%b1%4b,密
%be%ad,冪
%e8%f2,鼏
%cc%57,宓
%bb%65,蜜
%aa%63,泌
%af%a6,祕
%b3%56,覓
%af%b5,秘
%b4%a3,提
%b6%ac,隄
%ba%77,滴
%d6%f4,羝
%a7%43,低
%f7%53,覿
%b2%fd,荻
%ad%7d,迪
%bb%43,翟
%bc%c4,敵
%ba%b0,滌
%c3%e9,鏑
%f7%40,糴
%a8%66,狄
%b2%c3,笛
%b9%de,嫡
%a9%e8,抵
%ac%6b,柢
%ac%bb,牴
%cb%fb,坻
%af%a1,砥
%b6%43,詆
%a9%b3,底
%aa%f3,邸
%db%d3,觝
%b4%d0,棣
%cb%41,杕
%a6%61,地
%b8%a6,蒂
%e2%eb,碲
%a6%51,吊
%eb%c2,踶
%da%bb,睇
%a4%dd,弔
%ab%d2,帝
%be%41,適
%bf%cd,諦
%a7%cc,弟
%ee%e0,鍗
%bb%bc,遞
%aa%ba,的
%b2%c4,第
%ae%58,娣
%bd%6c,締
%b1%e8,梯
%bd%f0,踢
%ad%e7,剔
%a8%e0,兒
%b4%a3,提
%b3%f6,堤
%d3%77,荑
%eb%db,醍
%b6%ac,隄
%b3%da,啼
%bf%e1,蹄
%c3%44,題
%f5%a5,鶗
%f1%cf,鵜
%da%d7,稊
%df%57,綈
%bd%7b,緹
%c5%e9,體
%ca%5e,体
%f6%54,趯
%b4%c0,替
%ee%4b,薙
%ae%ad,悌
%b1%a7,惕
%e5%f3,殢
%c0%a1,嚏
%f1%bc,鬄
%b1%50,屜
%b3%d7,啻
%ae%f7,涕
%a7%cc,弟
%ab%63,剃
%be%4f,銻
%b3%7c,逖
%d0%d7,倜
%f4%a8,籊
%e8%4e,輗
%d4%cc,堄
%f8%a4,齯
%a9%cb,怩
%e3%ea,蜺
%c0%4f,霓
%a9%4f,呢
%a5%a7,尼
%f3%f3,麑
%aa%64,泥
%e0%b7,鈮
%ad%d9,倪
%d6%65,猊
%f3%cd,鯢
%a9%67,妮
%d4%dc,婗
%c0%c0,擬
%f0%ae,薿
%b1%dd,旎
%f2%a5,禰
%a7%41,你
%e8%f6,儗
%ec%da,嶷
%d8%fd,惄
%bc%ca,暱
%ce%ee,昵
%b8%45,睨
%bf%b0,膩
%b0%ce,匿
%b7%c4,溺
%d3%d2,衵
%b0%66,逆
%e1%7c,嫟
%ad%f9,哩
%e5%fa,漦
%bc%f9,犛
%c2%e7,釐
%dc%c6,剺
%e5%f8,氂
%e1%75,嫠
%f2%d4,藜
%b8%c4,蜊
%f9%cf,鸝
%bc%fe,璃
%bf%a9,罹
%c6%7a,驪
%d6%c3,离
%c2%f7,離
%ba%76,漓
%ee%71,褵
%be%a4,黎
%f5%b6,黧
%af%57,狸
%bb%a9,貍
%df%53,筣
%c6%58,籬
%ed%cc,篱
%ed%d0,縭
%a7%f5,李
%c5%dd,邐
%b2%7a,理
%c4%bf,醴
%a8%bd,里
%bf%43,澧
%c2%a7,禮
%b8%cc,裡
%be%59,鋰
%ab%5a,俚
%c4%f9,蠡
%c3%55,鯉
%f8%d7,鱧
%ae%5b,娌
%d1%e4,栵
%f2%52,櫟
%f4%55,櫪
%f7%65,轢
%f8%48,轣
%c1%f5,隸
%a6%4f,吏
%b2%fa,莉
%af%ef,荔
%b7%58,慄
%b2%c9,粒
%f5%e6,糲
%c4%f7,蠣
%b0%ac,鬲
%c4%52,麗
%c5%b0,酈
%ae%df,栗
%c4%74,礫
%c4%72,礪
%c6%45,靂
%ad%fb,員
%f1%f2,嚦
%b0%e6,唳
%db%e0,詈
%ef%67,鬁
%be%fa,歷
%be%e4,曆
%bc%46,厲
%c0%79,勵
%a5%df,立
%b5%67,痢
%c2%7e,癘
%b7%cc,溧
%c3%77,瀝
%cd%42,沴
%a9%d1,戾
%a7%51,利
%a4%4f,力
%a8%d2,例
%ab%57,俐
%c4%d7,儷
%d2%aa,猁
%ea%bc,篥
%b2%c1,笠
%be%f7,機
%b5%51,犄
%b6%d6,勣
%a9%5f,奇
%d0%e9,剞
%b0%f2,基
%a8%e4,其
%f7%f1,虀
%b4%c1,期
%a5%e4,乩
%f7%44,羇
%c5%f9,羈
%bf%59,璣
%c1%46,磯
%ee%f4,隮
%cd%fc,咭
%bc%54,嘰
%b8%f1,跡
%c5%45,躋
%c2%dd,蹟
%b7%ee,畸
%a6%d9,肌
%a9%7e,居
%ae%6a,屐
%f6%d2,齎
%f8%7e,齏
%c3%d5,譏
%bf%45,激
%ed%b0,禨
%b0%a7,飢
%c4%c8,饑
%b4%52,嵇
%bd%5d,稽
%bf%6e,積
%c2%fb,雞
%d3%40,笄
%ba%df,箕
%e7%d1,觭
%b4%58,幾
%bd%42,畿
%ae%56,姬
%c1%5a,績
%c0%bb,擊
%b7%aa,楫
%b7%a5,極
%bf%e8,輯
%b4%c6,棘
%a6%4e,吉
%a7%a3,圾
%ad%b2,革
%c2%c7,藉
%ee%44,蕺
%e3%b0,蒺
%cd%bf,芨
%a7%c4,岌
%bc%40,劇
%dd%fb,殛
%ab%45,亟
%a4%ce,及
%ae%41,唧
%a6%59,吃
%b7%61,戢
%a7%59,即
%bd%43,瘠
%af%65,疾
%b1%49,寂
%a8%56,汲
%b6%b0,集
%f6%c0,鶺
%ab%e6,急
%c4%79,籍
%d3%44,笈
%b6%fa,嫉
%af%c5,級
%d5%71,掎
%c0%bd,擠
%b4%75,戟
%f0%ca,蟣
%e7%fd,踦
%a4%4c,几
%a4%76,己
%b9%a8,麂
%ca%cd,庋
%cc%fe,泲
%af%e1,脊
%b5%b9,給
%c3%b4,繫
%a7%de,技
%c1%aa,薊
%c2%c9,薺
%c1%bb,覬
%be%ac,冀
%b1%aa,悸
%e9%7d,懌
%c5%b4,霽
%bb%da,際
%e4%5b,跽
%ed%e4,罽
%a7%d2,忌
%c0%67,髻
%c3%4d,騎
%c6%6b,驥
%ac%4a,既
%ad%70,計
%b0%4f,記
%be%af,劑
%b1%48,寄
%e2%b8,漈
%c0%d9,濟
%ac%ad,洎
%a9%75,季
%bd%5e,稷
%ba%5b,暨
%c9%ab,伎
%b2%bd,祭
%f9%5c,鱭
%c3%56,鯽
%a7%b2,妓
%c4%7e,繼
%ac%f6,紀
%d5%c3,桼
%a4%43,七
%a9%64,妻
%d1%e1,栖
%b4%cf,棲
%d7%e9,郪
%d9%72,攲
%b5%d6,萋
%b4%db,欺
%b1%54,崎
%b1%7e,悽
%e1%4e,嘁
%ac%6d,柒
%ba%a3,漆
%cb%50,沏
%b7%cb,溪
%b2%59,淒
%b1%ad,戚
%bc%a1,慼
%c1%c6,谿
%e0%f5,僛
%b4%d1,棋
%af%cf,耆
%a7%a6,圻
%a9%5f,奇
%e3%75,綦
%a8%e4,其
%f4%bf,蘄
%c2%c9,薺
%db%6d,萁
%b4%c1,期
%b1%54,崎
%a7%c1,岐
%aa%5b,歧
%ec%e3,懠
%f4%c5,蠐
%e3%db,蜞
%d3%bd,蚑
%b5%61,琦
%b5%58,琪
%d7%d7,跂
%b2%a5,畦
%c2%c0,臍
%c3%4d,騎
%f1%af,騏
%bb%f4,齊
%d1%d2,旂
%ba%58,旗
%c4%51,麒
%b2%4e,淇
%aa%c2,祁
%ac%e8,祈
%ac%e9,祇
%b8%52,祺
%b0%4e,衹
%c0%42,錡
%e0%e0,頎
%ab%53,俟
%c5%5f,鰭
%bd%42,畿
%a7%fb,杞
%b0%5f,起
%b0%5a,豈
%d9%c9,棨
%e3%76,綮
%b1%d2,啟
%bd%5d,稽
%a4%5e,乞
%ba%f6,綺
%ab%b4,契
%df%c2,葺
%b4%74,愒
%ac%e4,砌
%bf%6c,磧
%ab%45,亟
%be%b9,器
%b1%f3,棄
%b0%57,訖
%aa%5f,泣
%c9%fd,汔
%a8%54,汽
%a5%f8,企
%f3%64,鏚
%be%cd,憩
%ae%f0,氣
%a8%b4,迄
%bd%72,緝
%c2%e7,釐
%de%d5,皙
%c4%e2,攜
%e9%ca,樨
%aa%52,析
%d1%e1,栖
%b4%cf,棲
%c4%eb,犧
%bf%51,熹
%f4%45,巇
%d1%a9,悕
%ce%c5,恓
%bb%68,蜥
%c1%b5,蟋
%a6%e8,西
%f1%51,醯
%e4%51,豨
%ae%44,唏
%bc%48,嘻
%a7%6c,吸
%c1%d1,蹊
%b4%b7,晰
%b1%e3,晞
%c4%66,曦
%b2%a5,畦
%bd%a5,膝
%ba%b3,熙
%b5%52,犀
%b2%58,淅
%b7%cb,溪
%c1%48,禧
%a4%bc,兮
%bf%aa,羲
%a7%c6,希
%d5%d8,欷
%f8%7b,鼷
%b1%78,悉
%ae%4f,奚
%b5%7d,稀
%c1%c6,谿
%b9%af,僖
%dd%63,徯
%f9%4c,觿
%bc%5e,嬉
%c0%ca,檄
%a9%f5,昔
%bb%56,蓆
%b1%a4,惜
%e4%44,覡
%ee%f5,隰
%db%4b,腊
%b2%df,習
%c5%a7,襲
%ae%75,席
%e3%fc,裼
%bf%fc,錫
%ae%a7,息
%ba%b6,熄
%b7%40,媳
%b3%df,喜
%df%c4,葸
%e7%75,蓰
%c3%a2,璽
%f1%43,蹝
%e1%a2,屣
%ac%7e,洗
%b1%70,徙
%cf%56,枲
%c3%b4,繫
%c9%e8,扢
%c0%b8,戲
%c9%6d,卌
%aa%bf,矽
%bb%d8,隙
%cd%fd,咥
%cf%e6,盻
%cd%ae,肸
%f8%a8,屭
%f1%be,鬩
%cd%a5,穸
%a6%c1,汐
%bc%f3,潟
%e2%f9,禊
%d3%fd,郤
%b5%bf,翕
%f1%ad,餼
%be%f9,歙
%a8%74,系
%ab%59,係
%a4%69,夕
%df%62,綌
%b2%d3,細
%a4%e4,支
%dd%a5,搘
%aa%4b,枝
%e8%e8,鳷
%aa%db,芝
%bb%6a,蜘
%af%d7,脂
%ad%4f,胝
%aa%cf,肢
%cf%dc,疧
%a4%a7,之
%a5%c4,汁
%ac%e9,祇
%af%ad,祗
%a5%67,卮
%a4%f3,氏
%cf%fc,秖
%b0%a6,隻
%aa%be,知
%c2%b4,織
%aa%bd,直
%c2%59,擲
%ba%54,摭
%b4%d3,植
%ed%de,縶
%ee%68,蟄
%d4%b2,埴
%b0%f5,執
%b4%de,殖
%c2%be,職
%c5%ad,躑
%db%f4,跖
%f0%f9,蹠
%bd%e8,質
%cb%bb,侄
%ad%c8,值
%ab%bf,姪
%ab%fc,指
%a9%e8,抵
%cf%4c,枳
%a7%7d,址
%aa%e9,芷
%a4%ee,止
%a6%ae,旨
%dc%b0,黹
%af%a1,砥
%cb%af,阯
%a5%75,只
%b3%6b,趾
%ab%a4,咫
%cb%54,沚
%ac%e7,祉
%bc%78,徵
%af%c8,紙
%bb%73,製
%e2%d9,疐
%d1%e8,桎
%b8%fe,輊
%a8%ee,制
%bc%b0,摯
%f7%c1,鷙
%a7%d3,志
%f0%f4,贄
%d8%f4,彘
%ab%cf,峙
%ca%db,忮
%ec%e4,懥
%bc%6d,幟
%cc%6f,帙
%b5%ed,蛭
%a6%dc,至
%d0%bb,郅
%ad%50,致
%f5%63,騭
%d4%46,陟
%c5%ae,躓
%b8%6d,置
%e6%fd,膣
%bf%f0,遲
%c3%d1,識
%bb%78,誌
%dd%5e,廌
%b2%a9,痔
%b5%69,痣
%dd%49,寘
%b2%bf,窒
%ba%a2,滯
%aa%76,治
%f8%4b,鑕
%b8%58,稚
%af%b4,秩
%d6%64,猘
%b4%bc,智
%aa%a5,炙
%f2%f5,觶
%b9%6e,雉
%bd%6f,緻
%e1%db,摛
%b0%45,蚩
%ee%5a,螭
%a6%59,吃
%b3%f0,喫
%b6%e1,嗤
%d6%b2,眵
%b7%f6,痴
%c3%a8,癡
%d3%fb,郗
%ec%ae,鴟
%c5%5e,魑
%b2%c7,笞
%dc%f7,媸
%df%5d,絺
%ab%f9,持
%bc%55,墀
%cb%fb,坻
%bd%f3,踟
%b0%cd,匙
%a6%a2,弛
%b9%a3,馳
%bf%f0,遲
%a6%c0,池
%ea%c1,篪
%be%a6,齒
%b3%61,豉
%ae%a2,恥
%a4%d8,尺
%bf%c9,褫
%a8%d7,侈
%e4%60,踅
%af%cd,翅
%b1%d5,敕
%a8%aa,赤
%a5%77,叱
%d2%d5,眙
%b3%d7,啻
%b6%bd,飭
%a5%b8,斥
%dc%bf,傺
%bf%4b,熾
%b0%cd,匙
%a5%a2,失
%e3%b9,蓍
%aa%eb,虱
%bd%be,蝨
%bc%4e,噓
%a4%72,尸
%ab%cd,屍
%e4%e3,鳲
%b8%d6,詩
%ac%49,施
%b7%c3,溼
%c0%e3,濕
%b7%e0,獅
%ae%76,師
%d6%ea,絁
%a4%51,十
%ac%42,拾
%b6%f6,塒
%e3%c2,蒔
%a5%db,石
%ba%d3,碩
%ae%c9,時
%b9%ea,實
%ad%b9,食
%bb%6b,蝕
%f1%e5,鼫
%a4%b0,什
%ae%67,射
%f6%ad,鰣
%a6%a2,弛
%be%70,駛
%ab%cb,屎
%a5%76,史
%a8%cf,使
%a5%da,矢
%a9%6c,始
%a8%c6,事
%bb%7d,誓
%b3%75,逝
%ab%f8,拭
%ac%55,柿
%b8%fd,軾
%a4%68,士
%b6%d5,勢
%c1%b1,螫
%bc%5d,奭
%a5%40,世
%db%ea,貰
%ab%ee,恃
%a5%dc,示
%b3%61,豉
%be%bd,噬
%b6%dd,嗜
%ac%4f,是
%a5%ab,市
%be%41,適
%ee%b0,謚
%c3%d1,識
%b8%d5,試
%eb%a8,諟
%ab%c7,室
%b5%f8,視
%a6%a1,式
%b9%a2,飾
%b7%49,弒
%a8%e0,兒
%a4%f3,氏
%c4%c0,釋
%af%e7,舐
%a8%cd,侍
%a5%4b,仕
%b8%62,筮
%a4%e9,日
%e4%d4,馹
%a4%4a,入
%a4%6c,子
%ec%b7,鼒
%bd%fd,輜
%e0%5e,趑
%db%a4,菑
%af%f7,茲
%b8%ed,貲
%d8%db,嵫
%c5%68,齜
%c9%d3,孖
%a7%b6,孜
%a7%73,吱
%c0%68,髭
%bb%f4,齊
%bf%d4,諮
%da%e7,粢
%ab%74,咨
%b8%ea,資
%ab%ba,姿
%b2%64,淄
%b4%fe,滋
%b4%46,孳
%c0%45,錙
%a5%4a,仔
%ba%fd,緇
%b1%ea,梓
%d0%54,耔
%b5%b5,紫
%b8%e4,訾
%ac%f3,籽
%a4%6c,子
%d0%64,胏
%b7%ba,滓
%d2%f1,秭
%a5%4a,仔
%d6%d7,笫
%a9%6e,姊
%db%48,胾
%d6%b0,眥
%db%49,胔
%a6%72,字
%ae%a1,恣
%ba%7b,漬
%b4%46,孳
%a6%db,自
%bb%db,雌
%ce%4d,呲
%e0%6c,跐
%b2%ab,疵
%ae%74,差
%af%fd,茨
%ba%cf,磁
%b5%fc,詞
%b2%a1,瓷
%af%a8,祠
%f5%ac,鶿
%b7%4f,慈
%c3%e3,辭
%a6%b9,此
%cf%75,泚
%a8%eb,刺
%bd%e7,賜
%b4%5a,廁
%a6%b8,次
%a6%f8,伺
%bc%b9,撕
%b4%b5,斯
%eb%6b,螄
%bc%52,嘶
%ab%e4,思
%a5%71,司
%bc%72,廝
%e1%40,凘
%e6%42,澌
%ee%d6,鍶
%a8%70,私
%d4%54,偲
%c6%7d,鸞
%b5%b7,絲
%e6%eb,緦
%a6%ba,死
%b2%e0,耜
%a6%78,寺
%a8%e1,兕
%b6%e0,嗣
%a5%7c,四
%bd%e7,賜
%be%6f,駟
%b8%76,肆
%a4%78,巳
%b4%5a,廁
%aa%72,泗
%c9%fa,汜
%d2%5d,涘
%aa%c1,祀
%ad%b9,食
%b9%7d,飼
%a6%f8,伺
%a6%fc,似
%ab%53,俟
%d6%ce,笥
%a9%71,姒
%a9%e3,押
%d9%b2,椏
%a7%72,呀
%c0%6e,鴨
%c0%a3,壓
%be%7e,鴉
%a4%58,丫
%cc%d6,枒
%aa%de,芽
%b0%48,蚜
%a4%fa,牙
%b2%50,涯
%b8%c5,衙
%b0%d7,啞
%b6%ae,雅
%d9%5d,揠
%d5%6f,掗
%aa%ee,軋
%a8%c8,亞
%cf%eb,砑
%cd%ce,迓
%b3%59,訝
%b4%e3,氬
%d4%d5,婭
%ad%c7,倆
%cf%45,枷
%b9%c5,嘉
%ad%58,茄
%b8%b5,葭
%bf%de,豭
%db%f6,跏
%af%6d,痂
%ae%61,家
%f1%53,鎵
%b3%50,袈
%ad%7b,迦
%b3%c3,傢
%a8%ce,佳
%a5%5b,加
%d6%d2,笳
%d1%7c,恝
%ae%b5,挾
%a7%a8,夾
%c0%55,頰
%b2%f3,莢
%df%e6,蛺
%af%48,浹
%db%cb,袷
%df%f8,裌
%e8%68,鋏
%e1%4c,嘏
%cc%61,岬
%b8%eb,賈
%d9%7a,斝
%a5%d2,甲
%ad%4b,胛
%e2%dd,瘕
%b9%5b,鉀
%b0%b2,假
%ae%4c,夏
%bd%5b,稼
%ac%5b,架
%be%72,駕
%bb%f9,價
%b6%f9,嫁
%d5%74,掐
%a5%64,卡
%ab%ea,恰
%ce%b1,帢
%ac%a2,洽
%bd%bc,蝦
%a7%72,呀
%bd%4d,瞎
%ae%b5,挾
%ac%6a,柙
%c1%d2,轄
%ae%6c,峽
%b7%e5,瑕
%da%c6,硤
%c1%f8,霞
%b0%a2,陝
%a9%45,呷
%c3%5c,黠
%a7%58,匣
%b9%49,遐
%ac%a2,洽
%b1%d7,斜
%ab%4c,俠
%aa%ad,狎
%af%55,狹
%a4%55,下
%ae%4c,夏
%c0%7e,嚇
%b7%76,暇
%e7%da,諕
%b7%48,廈
%ed%e1,罅
%a5%57,凹
%b3%e9,喲
%b8%79,腰
%cf%f7,祅
%a4%d4,夭
%c1%dc,邀
%a4%5c,么
%e9%75,徼
%a7%af,妖
%b7%6e,搖
%db%fe,軺
%b3%f3,堯
%e5%66,嶢
%ba%bd,瑤
%d2%b0,珧
%c1%c1,謠
%bd%60,窯
%b2%63,淆
%e4%a2,銚
%c0%61,餚
%aa%d4,肴
%a4%f8,爻
%d9%e2,殽
%d8%5c,傜
%dd%64,徭
%bb%bb,遙
%ed%d9,繇
%f3%ad,颻
%ab%c0,姚
%aa%48,杳
%cc%ea,殀
%ab%72,咬
%d2%f8,窅
%af%b7,窈
%af%e6,舀
%a9%ed,拗
%c3%c4,藥
%df%d3,葯
%e4%c8,靿
%c4%a3,耀
%ad%6e,要
%c2%60,曜
%ba%c4,瘧
%f4%65,瀹
%c6%5f,鑰
%ef%fa,燿
%c5%63,鷂
%bc%d6,樂
%e1%e1,摽
%bc%d0,標
%da%6e,猋
%f6%74,飆
%b3%43,彪
%f2%c2,臕
%c3%f0,鏢
%c5%df,鑣
%f4%a2,穮
%aa%ed,表
%e3%f7,裱
%bf%f6,錶
%d0%cf,俵
%b1%44,婊
%e1%e1,摽
%c5%c0,鰾
%ee%5f,螵
%c4%c6,飄
%e1%c0,彯
%e1%49,嘌
%ba%7d,漂
%bf%5d,瓢
%b9%e2,嫖
%e1%e1,摽
%d7%67,莩
%f1%4f,醥
%d5%dc,殍
%bf%67,瞟
%ba%7d,漂
%f4%70,皫
%c1%65,縹
%b2%bc,票
%b6%d1,剽
%c5%59,驃
%ba%7d,漂
%dc%b8,僄
%d8%70,喵
%b4%79,描
%ad%5d,苗
%ba%cb,瞄
%aa%48,杳
%aa%57,杪
%c2%c6,藐
%d9%e7,淼
%ac%e0,眇
%b4%f9,渺
%ac%ed,秒
%c2%e4,邈
%bd%7a,緲
%cf%c6,玅
%bc%71,廟
%a7%ae,妙
%c1%5b,繆
%da%a4,琱
%b8%4d,碉
%a5%70,叼
%c0%4a,雕
%f3%e7,鵰
%b1%6e,彫
%a4%4e,刁
%ad%e4,凋
%b6%49,貂
%c4%4b,鯛
%ce%78,屌
%b3%be,鳥
%b1%bc,掉
%a6%51,吊
%a4%dd,弔
%bd%d5,調
%ea%b4,窵
%b3%a8,釣
%e4%a2,銚
%ac%44,挑
%ce%c9,恌
%d6%bd,祧
%d0%71,苕
%cc%67,岧
%f5%bb,齠
%bb%6d,蜩
%ad%7c,迢
%e8%d4,髫
%bd%d5,調
%b1%f8,條
%c3%57,鯈
%a8%d9,佻
%d6%d1,笤
%b2%c0,窕
%f8%fd,糶
%b8%f5,跳
%b2%b7,眺
%e7%72,蔦
%ec%d0,嬲
%eb%73,褭
%b8%cd,裊
%b3%be,鳥
%dc%f5,嫋
%a7%bf,尿
%b7%c4,溺
%bc%ba,撩
%bc%ba,撩
%bf%f1,遼
%f8%63,鷯
%e1%cc,憀
%b2%e1,聊
%bc%49,嘹
%ef%c3,屪
%c0%f8,療
%bc%64,寮
%b9%e9,寥
%bc%e3,潦
%e2%7b,漻
%f4%ef,鐐
%b9%b1,僚
%e6%79,獠
%bf%52,燎
%c2%b7,繚
%e7%64,蓼
%a4%46,了
%c1%41,瞭
%d4%42,釕
%bf%52,燎
%e1%e6,撂
%c9%d5,尥
%ae%c6,料
%c1%41,瞭
%b2%a4,略
%b9%f9,廖
%c0%f8,療
%f4%ef,鐐
%bf%52,燎
%b4%d4,椒
%bf%bc,蕉
%d3%74,茭
%b5%eb,蛟
%c1%47,礁
%b8%f8,跤
%bd%a6,膠
%c5%ba,驕
%a5%e6,交
%ad%a5,郊
%bc%e5,澆
%f4%f7,鐎
%b5%4a,焦
%e4%ef,儌
%ea%4e,燋
%f8%6b,鷦
%c2%42,鮫
%bc%62,嬌
%ab%bb,姣
%c4%5a,嚼
%c5%cd,攪
%f3%54,蹻
%b8%7d,腳
%bb%c7,鉸
%bb%e5,餃
%c4%b1,覺
%b9%ae,僥
%cb%b3,佼
%ac%be,狡
%b2%ae,皎
%f0%51,皦
%a8%a4,角
%da%de,筊
%c1%42,矯
%b5%b1,絞
%c3%ba,繳
%b6%cf,剿
%b6%d3,勦
%e5%b9,撟
%ae%d5,校
%c3%e2,轎
%b8%fb,較
%b1%d0,教
%e1%f5,斠
%e5%69,嶠
%bb%c3,酵
%f8%c9,釂
%c3%e7,醮
%c4%5a,嚼
%a5%73,叫
%e9%43,噭
%e9%75,徼
%f6%f5,皭
%be%f5,橇
%f3%4b,趬
%e5%4b,墝
%ed%a6,磽
%f0%5a,礉
%f3%54,蹻
%c3%df,蹺
%ba%56,敲
%c1%ea,鍬
%f0%74,繑
%be%f4,橋
%be%f6,樵
%c2%bc,翹
%f3%4e,趫
%eb%4c,蕎
%d3%a7,荍
%bc%ac,憔
%c1%40,瞧
%c3%d7,譙
%b3%ec,喬
%b9%b4,僑
%c4%4e,鵲
%b3%b6,雀
%ae%a8,悄
%b4%73,愀
%a5%a9,巧
%bc%c0,撬
%b4%df,殼
%c0%54,鞘
%ae%6b,峭
%bb%a6,誚
%c2%ac,竅
%ab%4e,俏
%cf%4a,枵
%bf%bd,蕭
%b3%70,逍
%ab%64,削
%b5%76,硝
%be%5d,霄
%c4%db,囂
%ad%fd,哮
%e4%f9,嘵
%b9%cc,嘐
%ec%a6,鴞
%f7%a4,髐
%c5%bb,驍
%ae%64,宵
%c3%74,瀟
%ae%f8,消
%be%50,銷
%b1%fa,梟
%ef%69,魈
%df%6f,翛
%e6%a1,獢
%d6%62,猇
%c2%ad,簫
%df%60,綃
%c0%61,餚
%aa%d4,肴
%a4%f8,爻
%be%c7,學
%a4%70,小
%dd%4b,尟
%be%e5,曉
%df%4e,筱
%ae%d5,校
%a7%b5,孝
%a8%76,肖
%bb%c3,酵
%bc%53,嘯
%ae%c4,效
%b3%cb,傚
%af%ba,笑
%bc%4f,噎
%d9%5e,揶
%b7%a6,椰
%ad%43,耶
%a8%b8,邪
%b7%dd,爺
%d4%b1,埜
%a4%5d,也
%b3%a5,野
%a7%4d,冶
%ab%fb,拽
%ec%eb,擫
%b1%b3,掖
%b8%ad,葉
%b7%7e,業
%ad%b6,頁
%ab%7c,咽
%ed%a2,瞱
%b5%c5,腋
%c5%e2,靨
%a9%5d,夜
%bf%d6,謁
%b2%47,液
%a6%b2,曳
%ea%4d,燁
%ae%67,射
%c5%be,鱉
%e5%78,憋
%f1%44,蹩
%a7%4f,別
%c3%a7,癟
%b9%fb,彆
%ba%4a,撇
%bf%68,瞥
%d0%a1,苤
%aa%cb,羋
%c9%41,乜
%bd%b0,蔑
%f6%42,蠛
%b7%c0,滅
%f6%47,衊
%c1%4e,篾
%af%52,爹
%b5%c0,耋
%d8%a2,堞
%ce%53,垤
%ad%a1,迭
%bd%ba,蝶
%e3%d7,蜨
%ba%d0,碟
%c5%7c,疊
%a5%59,凸
%b3%e3,喋
%cd%fd,咥
%eb%c0,蹀
%b6%5e,跌
%bf%d2,諜
%b7%de,牒
%f5%6b,鰈
%b5%bb,絰
%cc%a3,怗
%b6%4b,貼
%a9%ab,帖
%c5%4b,鐵
%e4%ab,銕
%c3%4b,餮
%d0%7c,苶
%c5%6a,齧
%c4%e1,攝
%c4%5e,孽
%f4%58,櫱
%f7%41,糱
%c9%41,乜
%c2%bf,聶
%c4%d9,囁
%f8%a5,囓
%c6%5c,躡
%af%49,涅
%c2%ec,鎳
%c6%68,鑷
%af%e5,臬
%ea%f4,臲
%ab%a8,咧
%ab%a8,咧
%ab%a8,咧
%b1%ca,捩
%e0%64,趔
%a6%48,劣
%b5%f5,裂
%af%50,烈
%a6%43,列
%f7%61,躐
%c6%63,鬣
%a8%e6,冽
%ac%7b,洌
%c2%79,獵
%c3%e5,邋
%b4%a6,揭
%b1%b5,接
%ac%d2,皆
%b6%a5,階
%b9%6a,隔
%b6%d8,嗟
%d8%6e,喈
%b0%ba,偕
%b5%f3,街
%da%f4,絜
%aa%4e,杰
%ab%fa,拮
%c2%5e,擷
%b1%b6,捷
%c0%cd,櫛
%ae%dc,桔
%ba%49,截
%a7%54,劫
%be%65,頡
%ba%d4,碣
%a4%6d,孑
%b7%fb,睫
%b0%50,訐
%b8%d7,詰
%ba%dc,竭
%f0%4b,癤
%bc%e4,潔
%bd%7e,羯
%b3%c7,傑
%d4%55,偈
%ae%e5,桀
%b8%60,節
%b5%b2,結
%b8%d1,解
%a9%6e,姊
%a9%6a,姐
%b1%f1,械
%a7%bc,尬
%aa%e3,芥
%c2%c7,藉
%d3%c8,蚧
%ac%c9,界
%a9%a1,屆
%bb%7c,誡
%e9%72,廨
%ac%ce,疥
%eb%7a,褯
%a7%d9,戒
%a4%b6,介
%c9%b2,价
%ad%c9,借
%ad%58,茄
%a6%f7,伽
%a5%42,且
%ae%b2,挈
%ab%b4,契
%a4%c1,切
%e1%f9,朅
%b4%67,愜
%a9%c4,怯
%ac%e4,砌
%e7%f5,踥
%a9%63,妾
%c5%d1,竊
%c1%e6,鍥
%e6%d7,篋
%d9%5b,揳
%a8%c7,些
%e7%b2,蝎
%c3%c8,蠍
%b7%b2,歇
%da%f4,絜
%c4%e2,攜
%c2%5e,擷
%ae%b5,挾
%a8%f3,協
%be%65,頡
%be%63,鞋
%d4%78,啑
%af%d9,脅
%a8%b8,邪
%bf%d3,諧
%b1%d7,斜
%bc%45,勰
%e3%51,箑
%b3%b7,雪
%bc%67,寫
%a6%e5,血
%ba%6b,榭
%b1%f1,械
%b7%a4,楔
%ed%fc,薤
%f3%fc,齘
%be%d3,懈
%c0%62,駭
%e5%61,屧
%ae%68,屑
%c1%b6,褻
%c1%c2,謝
%e9%72,廨
%aa%6e,泄
%f2%63,瀣
%c2%6d,瀉
%ac%aa,洩
%c0%e8,燮
%ea%5e,獬
%c1%db,邂
%c3%c9,蟹
%b8%d1,解
%a8%f8,卸
%d8%b7,媟
%b2%d8,紲
%da%f2,絏
%f5%ef,耰
%ab%d5,幽
%bc%7e,憂
%cb%e7,呦
%e0%ee,麀
%b1%79,悠
%c0%75,優
%a7%f1,攸
%d9%67,揄
%a4%d7,尤
%eb%4f,蕕
%d7%e6,逌
%a5%d1,由
%e7%a2,蝣
%d7%a5,蚰
%b9%43,遊
%ac%d0,疣
%b4%e5,游
%aa%6f,油
%b7%df,猷
%b9%5c,鈾
%b6%6c,郵
%c3%57,鯈
%b5%53,猶
%be%7b,魷
%ed%d9,繇
%a6%b3,有
%a4%cd,友
%b2%fb,莠
%ca%72,卣
%a8%bb,酉
%c2%4b,黝
%e4%7d,銪
%bc%f8,牖
%ac%63,柚
%a5%6b,右
%a4%53,又
%ab%aa,囿
%e7%cc,褎
%bb%a4,誘
%ab%c9,宥
%af%a7,祐
%c3%5e,鼬
%b9%56,釉
%a6%f6,佑
%a8%dd,侑
%a5%ae,幼
%c2%d5,謬
%c1%5b,繆
%e4%b7,銩
%a5%e1,丟
%a7%ac,妞
%a4%fb,牛
%a7%e1,扭
%b6%73,鈕
%cb%63,狃
%af%c3,紐
%a9%ed,拗
%e6%df,糅
%c2%d5,謬
%d3%d0,衄
%b7%c8,溜
%ba%68,榴
%af%5b,琉
%b2%b8,硫
%f5%61,騮
%d9%7e,旒
%bd%46,瘤
%c2%73,瀏
%ac%79,流
%f1%5e,鎦
%af%64,留
%bb%bf,遛
%bc%42,劉
%ac%68,柳
%e6%f1,罶
%e3%71,綹
%a4%bb,六
%c3%48,餾
%b4%aa,揪
%f1%47,轇
%f9%c4,鬮
%da%47,湫
%b9%a7,鳩
%ad%76,赳
%ad%b4,韭
%b4%73,愀
%a8%68,玖
%b0%73,酒
%a4%45,九
%a4%5b,久
%a8%62,灸
%d1%b5,捄
%ac%5e,柩
%b1%cf,救
%c2%c2,舊
%e9%42,噣
%f8%6c,鷲
%b4%4e,就
%aa%b9,疚
%a8%73,究
%a6%dd,臼
%b8%a4,舅
%e0%f0,僦
%a9%53,咎
%aa%c8,糾
%dd%df,楸
%cb%fa,坵
%df%c7,萩
%c2%fe,鞦
%b3%4c,蚯
%a5%43,丘
%f5%ae,鶖
%ac%ee,秋
%aa%f4,邱
%c4%cf,鰍
%e6%e6,緧
%a8%44,求
%b8%ca,裘
%d7%e4,逑
%cd%c8,虯
%e7%a3,蝤
%b2%79,球
%e6%a5,璆
%a5%7d,囚
%e4%53,賕
%aa%73,泅
%ad%a9,酋
%e0%7d,遒
%b2%41,毬
%cd%de,俅
%a4%b3,仇
%d8%4e,頄
%e4%47,觩
%df%5b,絿
%ea%c9,糗
%e7%74,蓨
%ab%a6,咻
%ec%70,髹
%ce%ba,庥
%b2%db,羞
%f3%af,饈
%a5%f0,休
%b2%e7,脩
%ef%a2,鵂
%ad%d7,修
%e0%5a,貅
%a6%b4,朽
%a9%a6,岫
%d6%71,琇
%b6%e5,嗅
%b1%4a,宿
%b7%cd,溴
%b3%53,袖
%c4%c3,鏽
%a8%71,秀
%af%e4,臭
%c2%b8,繡
%b5%d2,菸
%d4%fc,崦
%ec%e6,懨
%b2%6a,焉
%be%4d,醃
%e4%6b,鄢
%ab%7c,咽
%af%da,胭
%f4%b4,臙
%ec%49,閹
%b4%f3,湮
%b2%54,淹
%b7%cf,煙
%b9%e4,嫣
%c0%d1,檐
%d4%ba,埏
%a9%a5,岩
%c5%c9,巖
%e3%e9,蜒
%ac%e3,研
%d8%77,喦
%e2%f2,碞
%c4%59,嚴
%c6%51,鹽
%c0%46,閻
%a8%a5,言
%c3%43,顏
%c0%f9,癌
%aa%75,沿
%a9%b5,延
%aa%a2,炎
%c3%b2,簷
%ba%e1,筵
%a7%b0,妍
%d9%66,揜
%b1%bb,掩
%a9%61,奄
%f7%d6,巘
%f5%de,甗
%b2%b4,眼
%df%6a,罨
%f9%7d,黶
%c6%4c,魘
%b6%6e,郾
%ab%5e,兗
%ba%74,演
%c5%c4,鼴
%b0%b3,偃
%c5%6b,儼
%ad%6c,衍
%d0%e6,剡
%b3%f7,堰
%bf%50,燕
%c6%76,豔
%c6%41,艷
%b5%78,硯
%c6%6f,釅
%ad%f1,唁
%c3%60,嚥
%d8%69,喭
%ae%cb,晏
%f6%bb,鷃
%c5%e4,饜
%b6%ad,雁
%e8%ed,鴈
%b9%bd,厭
%c5%e7,驗
%ab%db,彥
%f8%40,讌
%f9%a9,讞
%bf%ce,諺
%ae%62,宴
%f9%d0,灩
%b5%4b,焰
%bf%56,燄
%c3%40,鞭
%bd%bf,蝙
%af%a2,砭
%c3%e4,邊
%f8%fb,籩
%bd%73,編
%b6%53,貶
%b0%d0,匾
%d2%f6,窆
%bd%ca,褊
%ab%f3,扁
%ca%e7,抃
%ca%d9,忭
%a4%cb,卞
%c5%47,辯
%bf%eb,辨
%c4%7c,辮
%a8%58,汴
%b9%4d,遍
%ab%4b,便
%a5%af,弁
%c5%dc,變
%e6%ec,緶
%df%cf,萹
%ab%f3,扁
%bd%a1,翩
%b0%be,偏
%bd%67,篇
%dd%e1,楩
%eb%c5,蹁
%af%e2,胼
%c0%63,駢
%eb%ab,諞
%ab%4b,便
%e6%ec,緶
%c4%46,騙
%a4%f9,片
%b4%d6,棉
%af%76,眠
%ba%f8,綿
%d9%4d,愐
%c0%53,靦
%b0%c3,冕
%cf%e2,眄
%a7%4b,免
%b5%42,湎
%a8%5c,沔
%b0%c1,偭
%ab%6a,勉
%bd%71,緬
%c4%d1,麵
%ad%b1,面
%bd%50,瞑
%d5%69,掂
%c4%41,顛
%c5%71,巔
%ce%e7,敁
%c5%f6,癲
%b7%bf,滇
%c2%49,點
%a8%e5,典
%b8%4b,碘
%c0%51,靛
%b9%d4,墊
%b1%7d,惦
%ac%bf,玷
%b9%71,電
%cd%d9,阽
%b7%b5,殿
%a9%b1,店
%d2%c4,痁
%f0%4a,癜
%be%fd,澱
%d5%e0,淀
%b3%fe,奠
%b9%66,鈿
%a6%fa,佃
%a8%6c,甸
%f0%65,簟
%a4%d1,天
%b2%4b,添
%b6%f1,填
%db%b0,菾
%ab%ef,恬
%a5%d0,田
%ac%cb,畋
%c2%f5,闐
%b7%bf,滇
%b9%66,鈿
%b2%a2,甜
%c0%53,靦
%cf%66,殄
%b5%c9,腆
%d5%ee,淟
%e4%ce,餂
%a9%bd,忝
%bb%51,舔
%d5%6d,掭
%e2%d0,瑱
%e7%59,蔫
%a9%e0,拈
%d6%df,粘
%c2%48,黏
%a6%7e,年
%c2%5b,攆
%bc%bf,撚
%b1%c9,捻
%bd%fb,輦
%bd%56,碾
%d5%f9,淰
%a4%dc,廿
%b0%e1,唸
%a9%c0,念
%b3%73,連
%b9%dd,奩
%bd%ac,蓮
%bc%a6,憐
%c1%70,聯
%b7%47,廉
%a9%a9,帘
%be%fc,濂
%ba%a7,漣
%ee%72,褳
%c5%49,鐮
%c3%ae,簾
%c5%bf,鰱
%c1%79,臉
%b7%af,楝
%c0%d4,殮
%c4%6b,瀲
%f2%f0,襝
%c1%e5,鍊
%c3%ec,鏈
%c0%c4,斂
%b7%d2,煉
%c5%cb,攣
%c5%ca,戀
%bd%6d,練
%dd%b8,搛
%dd%ec,椷
%de%a5,犍
%e3%b6,蒹
%b5%d5,菅
%c6%69,韉
%f1%79,鞬
%c1%7d,艱
%a6%79,尖
%c4%e8,殲
%f3%c2,鬋
%b0%ed,堅
%ba%ca,監
%b6%a1,間
%b6%a2,閒
%b4%e6,湔
%aa%d3,肩
%cc%b1,戔
%ad%dd,兼
%b7%ce,煎
%f6%b4,鶼
%da%66,牋
%ba%e0,箋
%f6%ab,鰜
%ab%c1,姦
%a6%6c,奸
%bf%a1,縑
%bd%70,緘
%ac%5a,柬
%b4%7a,揀
%be%df,撿
%c0%cb,檢
%d8%ac,堿
%c3%b5,繭
%c6%50,鹼
%e1%d6,戩
%f7%56,譾
%ee%aa,謇
%c4%ca,騫
%ee%bf,蹇
%b4%ee,減
%b0%c5,剪
%e6%f9,翦
%bb%fc,儉
%b8%63,筧
%c2%65,檻
%af%f2,荐
%c2%cb,薦
%ab%d8,建
%bd%ee,踐
%a8%a3,見
%bd%e2,賤
%b8%78,腱
%c5%b3,鑒
%b6%a1,間
%b6%a2,閒
%bf%cf,諫
%bc%ee,澗
%ba%a5,漸
%c2%71,濺
%c5%b2,鑑
%c1%e4,鍵
%c0%5e,餞
%bc%43,劍
%b7%b7,毽
%a5%f3,件
%b9%b0,僭
%b0%b7,健
%c4%a5,艦
%bd%62,箭
%c9%e7,扦
%cb%a1,芊
%c6%48,韆
%b4%4f,嵌
%e1%c7,慳
%be%45,遷
%a6%e9,阡
%dc%cb,嗛
%b2%6f,牽
%c1%be,謙
%ba%53,搴
%eb%72,褰
%c4%ca,騫
%dc%c2,僉
%b9%5d,鉛
%e8%6a,鋟
%a4%64,千
%b7%5e,愆
%a5%61,仟
%c5%d2,籤
%c3%b1,簽
%cc%b5,拑
%d5%7a,掮
%b0%ae,乾
%b0%40,虔
%c0%72,黔
%ab%65,前
%b6%78,鈐
%b9%58,鉗
%bf%fa,錢
%ba%e3,箝
%bb%ba,遣
%c4%fe,譴
%b2%4c,淺
%f4%ad,繾
%e5%de,槧
%b9%d5,塹
%d3%7d,茜
%e3%c8,蒨
%cd%c0,芡
%dd%67,慊
%ba%70,歉
%ad%c5,倩
%cd%e4,俔
%a4%ed,欠
%c1%64,縴
%a5%fd,先
%b1%c8,掀
%be%e6,暹
%ac%e6,祆
%e4%79,銛
%aa%c4,秈
%a5%50,仙
%dc%b9,僊
%cb%49,氙
%c2%41,鮮
%c5%d6,纖
%df%5c,綅
%c4%d0,鹹
%dc%cb,嗛
%b0%e5,啣
%a9%b6,弦
%bd%e5,賢
%b6%7e,閑
%b6%a2,閒
%ed%77,癇
%b2%43,涎
%ab%77,咸
%bb%ce,銜
%b2%ec,舷
%b6%fb,嫌
%b2%cd,絃
%c4%f6,蘚
%e9%64,嶮
%b8%c3,蜆
%ef%fb,燹
%c0%49,險
%e0%6e,跣
%c5%e3,顯
%c5%7e,癬
%bb%d1,銑
%ed%64,獮
%b3%41,莧
%c4%6d,獻
%b2%7b,現
%c4%c5,霰
%ad%ad,限
%b3%b4,陷
%a8%a3,見
%da%bd,睍
%bf%a4,縣
%b8%a2,腺
%be%cb,憲
%b8%72,羨
%c0%60,餡
%cd%e4,俔
%bd%75,線
%d8%a1,堙
%af%f4,茵
%d8%fe,愔
%b3%b1,陰
%d8%66,喑
%a6%5d,因
%ad%b5,音
%e2%da,瘖
%b4%f3,湮
%e2%fa,禋
%db%c7,裀
%e4%a1,銦
%b9%fe,慇
%ae%ef,殷
%ae%f4,氤
%ab%c3,姻
%da%f1,絪
%ab%ad,垠
%bb%c2,鄞
%c5%69,齦
%f3%fb,齗
%c3%f9,霪
%ef%bd,嚚
%a7%75,吟
%e7%dd,誾
%b1%47,寅
%b2%5d,淫
%bb%c8,銀
%dc%6c,釿
%d2%a4,狺
%b9%db,夤
%e0%db,靷
%b0%43,蚓
%ed%41,檃
%c1%f4,隱
%a4%de,引
%a4%a8,尹
%f8%c1,讔
%c5%7d,癮
%b6%bc,飲
%bd%ae,蔭
%b7%77,暈
%e1%ba,廕
%e3%4a,窨
%a6%4c,印
%ad%4e,胤
%c2%62,檳
%b1%6c,彬
%c1%c7,豳
%f4%c4,蠙
%d9%79,斌
%bb%ab,賓
%c3%78,瀕
%c0%d8,濱
%cb%ac,邠
%f7%67,鑌
%c4%7d,繽
%ec%e8,擯
%c2%6c,殯
%c2%c1,臏
%f8%d4,髕
%c6%4b,鬢
%be%aa,儐
%ab%f7,拼
%ab%b9,姘
%c4%ab,蘋
%c6%49,顰
%c0%57,頻
%f2%79,矉
%c0%d8,濱
%b3%68,貧
%c0%a7,嬪
%ab%7e,品
%a6%c9,牝
%b8%75,聘
%a9%a2,岷
%cc%c9,旻
%a5%c1,民
%bb%d4,閩
%e6%e8,緡
%a9%d7,抿
%bc%a7,憫
%a5%d7,皿
%e0%ef,黽
%dd%c3,暋
%b7%5d,愍
%bb%d4,閩
%b6%7b,閔
%bf%49,澠
%aa%7b,泯
%d6%d0,笢
%b1%d3,敏
%d1%a1,恁
%b1%7a,您
%aa%4c,林
%c3%e1,轔
%e5%62,嶙
%bf%ee,遴
%be%46,鄰
%b5%59,琳
%bf%5a,璘
%c1%43,磷
%c0%4d,霖
%ed%7a,瞵
%c1%7b,臨
%b7%f2,痲
%c5%ef,麟
%b2%4f,淋
%e5%fb,潾
%bf%4d,燐
%c5%ec,鱗
%ec%f5,檁
%be%cf,懍
%e9%6f,廩
%bb%fe,凜
%c4%a9,藺
%c6%6e,躪
%a7%5b,吝
%b2%4f,淋
%b8%ee,賃
%b8%54,禁
%a4%79,巾
%ac%e1,矜
%ac%7a,津
%c3%cc,襟
%d3%d7,衿
%aa%f7,金
%a4%b5,今
%a4%e7,斤
%b5%ac,筋
%ad%6f,觔
%e5%d3,槿
%d4%bb,堇
%db%6a,菫
%c2%d1,覲
%bd%40,瑾
%e5%f2,殣
%ce%af,巹
%ba%f2,緊
%c2%d4,謹
%e1%b6,廑
%c0%41,錦
%c4%44,饉
%b6%c8,僅
%be%a8,儘
%b8%54,禁
%dd%a8,搢
%f0%b0,藎
%e0%da,靳
%ba%c9,盡
%ae%ca,晉
%ab%6c,勁
%be%b6,噤
%f6%52,贐
%dd%48,寖
%ae%fb,浸
%aa%f1,近
%b6%69,進
%c2%75,燼
%ca%b5,妗
%bf%a7,縉
%bc%6b,嶔
%ef%5d,駸
%bf%cb,親
%d3%da,衾
%b4%dc,欽
%ab%49,侵
%df%5c,綅
%be%e0,擒
%ec%fe,檎
%af%b3,秦
%e3%b8,蓁
%aa%e0,芹
%cd%c1,芩
%b6%d4,勤
%eb%5e,螓
%b5%5e,琴
%be%b2,噙
%b8%56,禽
%b9%ec,寢
%e8%6a,鋟
%bc%c3,撳
%d0%f7,唚
%a8%47,沁
%c4%c9,馨
%b2%f1,莘
%c1%7e,薪
%aa%e4,芯
%ca%e3,忻
%a9%fd,昕
%a8%af,辛
%b7%73,新
%dd%f5,歆
%a4%df,心
%f8%ca,鑫
%be%4e,鋅
%aa%59,欣
%c9%b3,伈
%cd%51,炘
%bf%b8,蕈
%f4%b5,舋
%c6%5d,釁
%c9%c7,囟
%ab%48,信
%da%5c,焮
%ac%6f,殃
%aa%74,泱
%af%b1,秧
%c0%6d,鴦
%a5%a1,央
%b4%ad,揚
%b7%a8,楊
%b6%a7,陽
%b7%7a,暘
%c3%47,颺
%ba%c5,瘍
%ac%76,洋
%a6%cf,羊
%a8%cb,佯
%ab%e2,徉
%af%4c,烊
%bb%df,鞅
%c4%6f,癢
%d6%7d,痒
%be%69,養
%a5%f5,仰
%ae%f1,氧
%bc%cb,樣
%a9%c2,怏
%ba%79,漾
%be%69,養
%ae%7e,恙
%b7%d5,煬
%c4%5d,孃
%ae%51,娘
%c6%43,釀
%c2%b3,糧
%b6%71,量
%b1%e7,梁
%b8%64,粱
%a8%7d,良
%b2%44,涼
%cd%dd,俍
%a8%e2,兩
%c3%52,魎
%ad%c7,倆
%bd%f8,輛
%d1%a2,悢
%d8%67,喨
%e4%57,踉
%b4%bd,晾
%ab%47,亮
%bd%cc,諒
%b2%44,涼
%c1%a4,薑
%c5%b7,韁
%bc%df,漿
%ee%6c,螿
%b1%4e,將
%d3%de,豇
%ed%4c,殭
%c3%a6,疆
%a6%bf,江
%ab%b8,姜
%bb%f8,僵
%bd%b1,蔣
%bc%d5,槳
%bc%fa,獎
%c1%bf,講
%bc%df,漿
%c2%e6,醬
%b1%4e,將
%ed%cf,糨
%ad%b0,降
%b1%6a,強
%a6%4b,匠
%cf%7a,洚
%b5%bc,絳
%d9%aa,椌
%ba%6a,槍
%b1%4e,將
%e3%d6,蜣
%e2%d2,瑲
%b6%e6,嗆
%f1%42,蹡
%ee%be,蹌
%b5%c4,腔
%aa%ca,羌
%c3%f2,鏘
%c2%f2,鎗
%c0%ce,檣
%c0%f0,牆
%c1%a5,薔
%c9%62,爿
%a9%cf,戕
%be%ca,彊
%b1%6a,強
%e9%52,嬙
%b7%6d,搶
%ee%75,襁
%f3%66,鏹
%c1%66,繈
%e1%d7,戧
%e2%c4,熗
%ac%db,相
%eb%52,薌
%f9%b3,驤
%c1%b8,襄
%f1%ee,勷
%b4%5b,廂
%b4%f0,湘
%c6%5e,鑲
%ad%bb,香
%d0%69,舡
%bd%63,箱
%e6%e7,緗
%b6%6d,鄉
%ad%b0,降
%b8%d4,詳
%ab%d6,庠
%b2%bb,祥
%a6%cf,羊
%b5%be,翔
%b7%51,想
%c5%54,響
%a8%c9,享
%f3%d0,鯗
%bb%e8,餉
%c5%57,饗
%c2%51,嚮
%be%f3,橡
%ab%d1,巷
%b6%b5,項
%a6%56,向
%b9%b3,像
%b6%48,象
%f4%4c,攖
%c4%e5,櫻
%ad%5e,英
%b7%eb,瑛
%c4%ed,瓔
%ee%fb,霙
%c4%58,嚶
%c4%a2,罌
%f2%77,甖
%c0%a6,嬰
%c6%78,鸚
%c1%74,膺
%c6%4e,鷹
%ea%df,罃
%c5%61,鶯
%c5%d5,纓
%b7%ad,楹
%c3%c7,蠅
%ac%d5,盈
%be%c6,嬴
%c4%b9,贏
%f2%5e,瀠
%ef%ef,瀅
%c3%73,瀛
%bf%a2,縈
%e2%6c,滎
%b6%f7,塋
%bc%fc,瑩
%c0%e7,營
%ba%b7,熒
%bf%c3,螢
%e5%f9,潁
%bf%6f,穎
%b0%72,郢
%b4%ba,景
%bc%76,影
%f6%f4,癭
%b5%77,硬
%ac%4d,映
%dc%f9,媵
%c0%b3,應
%aa%ef,迎
%c2%62,檳
%ab%cc,屏
%a6%42,冰
%a7%4c,兵
%a4%fe,丙
%ce%f4,昺
%b8%5b,稟
%bb%e6,餅
%aa%c3,秉
%ac%b1,炳
%b4%ac,摒
%ac%60,柄
%aa%44,枋
%af%66,病
%a6%7d,并
%a8%c3,並
%a8%d6,併
%a5%e2,乒
%cd%e5,俜
%ae%5c,娉
%ac%69,枰
%e0%75,軿
%a9%57,坪
%d0%6d,苹
%b5%d3,萍
%c4%ab,蘋
%ce%b0,帡
%a5%ad,平
%ab%cc,屏
%b5%fb,評
%be%cc,憑
%b6%be,馮
%b2%7e,瓶
%af%af,秤
%da%fc,缾
%b8%75,聘
%af%fa,茗
%bf%c1,螟
%b9%55,酩
%bb%ef,鳴
%a9%fa,明
%ba%5c,暝
%bd%50,瞑
%ad%df,冥
%de%48,溟
%bb%ca,銘
%a6%57,名
%a5%d7,皿
%a9%52,命
%d8%4d,靪
%a4%42,丁
%ca%45,玎
%a5%6d,叮
%cb%6f,疔
%b0%76,釘
%a4%b1,仃
%ad%aa,酊
%b3%bb,頂
%b9%a9,鼎
%de%e4,碇
%ad%71,訂
%a9%77,定
%b0%76,釘
%bf%f5,錠
%d5%b9,桯
%c5%a5,聽
%c6%55,廳
%a5%c5,汀
%dd%ca,楟
%df%ac,葶
%d7%6c,莛
%e3%e9,蜒
%be%5e,霆
%ab%46,亭
%ae%78,庭
%a7%ca,廷
%b0%b1,停
%df%4d,筳
%b4%40,婷
%ae%bc,挺
%b1%f2,梃
%cb%6d,町
%e8%6f,鋌
%b8%a5,艇
%c0%be,擰
%c2%66,檸
%c0%7b,嚀
%b9%e7,寧
%be%ae,凝
%c0%f1,獰
%c0%be,擰
%c0%be,擰
%c0%d7,濘
%a6%f0,佞
%a9%f0,拎
%c4%e7,櫺
%cd%c1,芩
%b5%d9,菱
%c4%d6,齡
%b3%4d,蛉
%ac%c2,玲
%f8%c8,醽
%c6%46,靈
%ee%fa,霝
%b9%73,零
%b2%e2,聆
%b3%ae,陵
%cb%f1,囹
%aa%7e,泠
%ad%e2,凌
%b2%dc,羚
%b9%61,鈴
%b2%de,翎
%c0%6f,鴒
%d2%be,瓴
%a7%44,伶
%d7%57,舲
%d6%d8,笭
%f3%c7,鯪
%ba%f0,綾
%c0%ad,嶺
%bb%e2,領
%a5%74,另
%a5%4f,令
%af%d1,耕
%b9%b8,兢
%c5%e5,驚
%b2%f4,莖
%b5%d7,菁
%af%f0,荊
%bc%a9,憬
%ba%eb,精
%a7%f3,更
%b4%b9,晶
%b7%fa,睛
%a8%ca,京
%b1%dc,旌
%ae%f9,涇
%c4%48,鯨
%b8%67,經
%a4%ab,井
%c4%b5,警
%bf%5b,璟
%cd%f0,剄
%c0%56,頸
%a8%c0,阱
%b4%ba,景
%e4%ea,儆
%c0%52,靜
%e8%b0,靚
%b9%d2,境
%b7%71,敬
%b3%77,逕
%ab%6c,勁
%d7%48,脛
%b3%ba,竟
%b9%74,靖
%c4%76,競
%b5%6a,痙
%b2%62,淨
%d0%e1,凊
%c3%e8,鏡
%c4%44,饉
%ae%7c,徑
%e2%cb,獍
%ab%43,青
%bb%b4,輕
%bb%66,蜻
%d4%ab,圊
%b2%4d,清
%ad%eb,卿
%b6%c9,傾
%b2%42,氫
%c4%4a,鯖
%c0%ba,擎
%c0%d2,檠
%b1%a1,情
%b4%b8,晴
%f5%b4,黥
%d0%ed,勍
%c4%48,鯨
%b3%bc,頃
%bd%d0,請
%e1%b8,廎
%c1%6a,罄
%bf%6b,磬
%f0%e7,謦
%bf%cb,親
%bc%79,慶
%e3%76,綮
%ad%c5,倩
%c4%c9,馨
%b4%69,惺
%ac%50,星
%b8%7b,腥
%ef%58,騂
%f8%ca,鑫
%bf%b3,興
%b5%56,猩
%ab%ac,型
%b2%ba,硎
%a6%44,刑
%a8%b7,邢
%a7%ce,形
%b0%a4,陘
%e4%78,鉶
%ef%4f,餳
%e2%6c,滎
%a6%e6,行
%ec%ec,擤
%ac%d9,省
%bf%f4,醒
%a7%f6,杏
%a9%af,幸
%d7%63,莕
%b1%a2,悻
%a9%ca,性
%ad%c6,倖
%a6%e6,行
%a9%6d,姓
%ee%52,蕹
%f7%76,饔
%b9%6c,雍
%b1%65,庸
%f7%ea,癰
%bb%c1,鄘
%b0%6f,邕
%f1%75,雝
%e1%56,墉
%ba%48,慵
%d8%71,喁
%f1%aa,顒
%f3%60,鏞
%b6%c4,傭
%be%d6,擁
%b8%ba,蛹
%a8%69,甬
%ab%69,勇
%b1%76,恿
%b5%fa,詠
%e4%5c,踊
%bf%e3,踴
%c1%73,臃
%be%c3,壅
%a5%c3,永
%aa%61,泳
%af%46,涌
%b4%e9,湧
%ab%4d,俑
%a5%ce,用
%a6%fe,佣
%cb%f7,坰
%e8%cc,駉
%ce%d3,扃
%ed%d4,顈
%ad%7e,迥
%b5%7e,窘
%cc%f9,泂
%ac%b3,炯
%cb%7c,芎
%aa%c6,穹
%f2%c8,藭
%d9%46,惸
%e0%72,跫
%db%bc,蛩
%c3%a3,瓊
%ca%54,邛
%bd%61,窮
%de%72,煢
%d6%cc,筇
%e9%53,嬛
%a4%bf,凶
%a5%fb,兇
%a5%53,兄
%af%dd,胸
%ac%a4,洶
%a6%49,匈
%b6%af,雄
%ba%b5,熊
%db%db,詗
%a6%64,圬
%b3%e1,喔
%b6%e3,嗚
%ab%ce,屋
%a9%f3,於
%a6%be,汙
%a6%c3,污
%af%51,烏
%e0%a9,鄔
%b1%ef,梧
%bf%be,蕪
%b8%bc,蜈
%a7%c5,巫
%a7%5e,吾
%a7%64,吳
%ad%f8,唔
%a4%f0,毋
%a4%60,亡
%bb%7a,誣
%c4%d3,鼯
%b5%4c,無
%dd%b3,摀
%d6%5c,牾
%ca%de,忤
%bc%ad,憮
%a4%ad,五
%e5%75,廡
%aa%5a,武
%c4%4d,鵡
%c9%ae,仵
%a5%ee,伍
%ab%56,侮
%a4%c8,午
%bb%52,舞
%bc%61,嫵
%cb%42,杌
%aa%ab,物
%b6%f5,塢
%ae%a9,悟
%a4%61,兀
%b4%63,惡
%c3%fa,霧
%c4%45,騖
%f5%ad,鶩
%d8%b8,婺
%b0%c8,務
%b1%e0,晤
%bb%7e,誤
%b9%ed,寤
%a8%55,沃
%a5%b3,戊
%c2%eb,鎢
%d6%51,焐
%a4%c5,勿
%cd%d1,迕
%d7%e3,逋
%a4%a3,不
%d5%aa,晡
%e8%c2,餔
%f3%5f,醭
%ae%b7,捕
%ae%48,埔
%a4%52,卜
%ad%f7,哺
%b8%c9,補
%b0%f0,埠
%a5%ac,布
%a8%42,步
%a9%c6,怖
%b3%a1,部
%b9%5a,鈽
%a7%47,佈
%c3%af,簿
%a5%b7,扑
%bc%b3,撲
%bc%50,噗
%da%b1,痡
%be%51,鋪
%a4%b2,仆
%a6%b5,朴
%be%eb,樸
%b5%d0,菩
%e3%bc,蒱
%bb%5a,蒲
%b8%b2,葡
%bf%5c,璞
%e4%72,酺
%f3%5f,醭
%c3%da,蹼
%b2%e3,脯
%c0%e4,濮
%f0%d6,襆
%b0%7a,釙
%f4%f5,鏷
%b9%b2,僕
%ab%6d,匍
%ae%48,埔
%ae%45,圃
%c3%d0,譜
%b7%c1,溥
%ae%fa,浦
%b4%b6,普
%f4%ea,鐠
%e9%e8,氆
%bc%c9,暴
%c3%6e,曝
%c2%72,瀑
%e7%45,舖
%b3%f9,堡
%bc%d2,模
%f3%5f,醭
%a9%e6,拇
%a8%64,牡
%a5%c0,母
%af%61,畝
%a9%69,姆
%ab%be,姥
%a4%ec,木
%aa%aa,牧
%bc%7d,慕
%b9%d3,墓
%b9%f5,幕
%bc%c7,暮
%ad%60,苜
%b6%d2,募
%f5%ad,鶩
%a5%d8,目
%b7%fc,睦
%a8%4e,沐
%e0%bb,鉬
%bf%70,穆
%be%a2,麩
%cf%52,枹
%bc%c5,敷
%a4%d2,夫
%bd%a7,膚
%db%fa,跗
%b3%6c,趺
%d0%62,胕
%e4%69,鄜
%b6%79,鈇
%a7%b7,孚
%b9%e5,孵
%a5%ed,伕
%a9%d8,拂
%a7%df,扶
%d5%be,桴
%bf%e7,輻
%d7%67,莩
%d0%7b,苻
%d0%70,茀
%aa%e8,芾
%df%b6,葍
%aa%dc,芙
%d3%ac,茯
%b5%e8,菔
%a5%b1,弗
%a9%cc,怫
%b4%54,幅
%df%ec,蜉
%bd%bb,蝠
%d3%ba,蚨
%d7%58,艴
%ef%b0,黻
%db%40,罦
%d0%4d,罘
%aa%41,服
%af%42,浮
%b2%65,涪
%cf%7b,洑
%ba%d6,福
%d2%ea,祓
%b5%f6,袱
%a7%b7,孚
%d3%fa,郛
%e0%ed,鳧
%ab%52,俘
%a5%f1,伏
%a9%bb,彿
%b0%cb,匐
%ac%74,氟
%b2%c5,符
%bf%a3,縛
%df%5a,綍
%b2%d1,紼
%b2%d9,紱
%a8%6a,甫
%cc%b9,拊
%bc%be,撫
%bb%b2,輔
%f3%f5,黼
%b5%c6,腑
%b2%e3,脯
%a9%b2,府
%bb%47,腐
%a9%f2,斧
%b0%79,釜
%ad%c1,俯
%cd%e9,俛
%ad%75,赴
%e7%b8,蝮
%b0%c6,副
%c2%d0,覆
%aa%fe,附
%a9%4a,咐
%c1%cc,賻
%bd%e1,賦
%b8%a1,腹
%ad%74,負
%be%74,駙
%ad%72,訃
%b4%49,富
%af%42,浮
%aa%6d,沸
%bd%c6,複
%a4%f7,父
%c3%4c,馥
%aa%fa,阜
%a5%49,付
%b3%c5,傅
%a4%b2,仆
%b4%5f,復
%ec%7b,鮒
%f5%6e,鰒
%b0%fc,婦
%b3%a3,都
%b7%fe,督
%b9%ca,嘟
%f9%41,纛
%ac%72,毒
%c3%70,櫝
%c3%7d,犢
%de%ec,碡
%f2%5a,殰
%c6%75,黷
%c5%ea,髑
%c5%aa,讀
%c2%70,瀆
%bf%57,獨
%c3%7c,牘
%b0%f4,堵
%b8%40,睹
%bd%e4,賭
%bf%77,篤
%c5%fb,蠹
%a7%f9,杜
%ec%ee,斁
%a8%7b,肚
%ab%d7,度
%b4%e7,渡
%c1%e1,鍍
%a7%aa,妒
%a8%72,禿
%b2%fe,荼
%bb%c6,酴
%a5%59,凸
%b9%cf,圖
%b1%4f,屠
%de%c8,瘏
%ac%f0,突
%b6%ee,塗
%d2%5c,涂
%b3%7e,途
%d8%41,釷
%ae%7b,徒
%a4%67,土
%a6%52,吐
%b5%e9,菟
%a8%df,兔
%b6%64,辜
%c0%6c,鴣
%db%a3,菇
%b5%dd,菰
%b3%47,蛄
%dc%5e,酤
%a9%74,孤
%a9%42,咕
%a9%4b,呱
%aa%66,沽
%b9%57,鈷
%a6%f4,估
%e3%54,箍
%db%d4,觚
%a9%68,姑
%a5%6a,古
%ac%ba,牯
%c3%5b,鵠
%e1%4c,嘏
%c2%a2,瞽
%b9%aa,鼓
%c1%d4,轂
%bd%5c,穀
%c5%db,蠱
%b8%eb,賈
%a5%59,凸
%af%cb,罟
%b0%a9,骨
%ed%ea,臌
%aa%d1,股
%f0%53,盬
%b5%fe,詁
%cb%53,汩
%a8%a6,谷
%d3%61,羖
%a7%69,告
%d5%c0,梏
%ac%47,故
%a9%54,固
%de%cc,痼
%b6%b1,雇
%c5%55,顧
%c0%44,錮
%b9%b5,僱
%ac%5c,枯
%d4%b3,堀
%cb%d2,刳
%ad%fa,哭
%be%75,骷
%b8%5d,窟
%ad%57,苦
%cd%7d,矻
%bb%c5,酷
%ae%77,庫
%bf%c7,褲
%f4%41,嚳
%d7%7c,虖
%b1%ab,惚
%a9%49,呼
%a5%47,乎
%d9%db,欻
%a9%bf,忽
%dd%ac,搰
%e5%da,槲
%ad%4a,胡
%f5%7c,鶘
%c3%5b,鵠
%b3%fd,壺
%ea%d1,縠
%ee%7d,觳
%b8%ac,葫
%bd%6b,糊
%bd%b9,蝴
%b7%e4,瑚
%eb%d9,醐
%a7%7a,囫
%a9%b7,弧
%c4%47,鬍
%b4%f2,湖
%ef%4d,餬
%a5%47,乎
%a9%4d,和
%e7%c1,衚
%da%70,猢
%aa%b0,狐
%b1%d8,斛
%aa%ea,虎
%b5%5b,琥
%b0%e4,唬
%e2%71,滸
%b7%b1,楛
%b2%7d,瓠
%cc%5e,岵
%cc%7c,怙
%a4%ac,互
%c5%40,護
%a4%e1,戶
%a8%5b,沍
%ba%ad,滬
%d2%e9,祜
%cc%b2,戽
%b1%af,扈
%e2%ba,熇
%d3%43,笏
%a6%b6,朱
%ae%e8,株
%f2%4c,櫧
%af%fc,茱
%c3%c5,藷
%b5%ef,蛛
%f2%55,櫫
%af%5d,珠
%b2%b9,硃
%bd%de,豬
%b8%dd,誅
%bd%d1,諸
%cf%78,洙
%ef%f5,瀦
%bb%cb,銖
%a8%dc,侏
%a5%ba,朮
%b6%62,軸
%e7%62,蓫
%f2%e2,蠋
%b3%76,逐
%c4%bd,躅
%de%c9,瘃
%c0%eb,燭
%d7%54,舳
%bf%76,築
%aa%c7,竺
%b5%ae,筑
%a6%cb,竹
%a9%6f,妯
%a9%d6,拄
%b5%4e,煮
%c5%f1,囑
%c6%66,矚
%b6%4a,貯
%c4%dd,屬
%a5%44,主
%ec%af,麈
%b2%5a,渚
%aa%56,杼
%ac%57,柱
%cf%4d,柷
%e3%7d,翥
%ad%52,苧
%b5%db,著
%b3%45,蛀
%a7%55,助
%b5%b0,粥
%be%6e,駐
%b5%f9,註
%aa%60,注
%af%ac,祝
%c5%b1,鑄
%b9%6d,雋
%a6%ee,佇
%a6%ed,住
%cf%ae,炷
%ba%e6,箸
%d6%e2,紵
%a5%58,出
%c4%d5,齣
%aa%ec,初
%c3%6f,櫥
%df%71,耡
%df%ef,蜍
%b0%a3,除
%f7%5d,躕
%c3%dc,躇
%bc%70,廚
%e0%bc,鉏
%be%53,鋤
%c0%78,儲
%af%ec,芻
%c2%fa,雛
%b7%a1,楚
%aa%53,杵
%b4%d8,楮
%c2%a6,礎
%bb%75,褚
%c5%f7,矗
%dd%7a,搐
%b3%42,處
%a9%c5,怵
%c9%48,亍
%c2%4a,黜
%af%62,畜
%db%dc,詘
%d0%d4,俶
%c4%b2,觸
%b2%d2,絀
%a7%e7,抒
%bc%cf,樞
%e5%cc,樗
%ae%de,梳
%bf%e9,輸
%bd%ad,蔬
%ae%d1,書
%ae%ed,殊
%b2%a8,疏
%c9%5f,殳
%b5%ce,舒
%de%40,毹
%ce%67,姝
%d3%56,紓
%b5%e0,菽
%a8%fb,叔
%c5%ab,贖
%b9%d1,塾
%bc%f4,熟
%b1%45,孰
%b2%51,淑
%d2%ed,秫
%c1%a6,薯
%c3%c5,藷
%b4%bb,暑
%b8%70,署
%b8%be,蜀
%c4%dd,屬
%b6%c1,黍
%b9%ab,鼠
%a7%f4,束
%ad%7a,述
%be%f0,樹
%bc%c6,數
%b9%d6,墅
%c0%c6,曙
%bd%dd,豎
%b1%66,庶
%e6%40,澍
%cc%f5,沭
%ba%a4,漱
%a6%a7,戍
%f1%ec,儵
%b0%bf,倏
%b3%4e,術
%ae%a4,恕
%af%f8,茹
%f0%b8,薷
%c4%af,蠕
%c0%a9,孺
%c0%7d,嚅
%c0%e1,濡
%f4%cb,襦
%e4%a7,銣
%be%a7,儒
%ce%b4,帤
%a6%70,如
%f4%ac,繻
%b0%64,辱
%a6%bc,汝
%a8%c5,乳
%a4%6b,女
%ec%e9,擩
%e3%bd,蓐
%b0%64,辱
%de%50,溽
%cf%76,洳
%bf%c8,褥
%a6%d7,肉
%a4%4a,入
%ea%d0,縟
%af%b2,租
%d5%6a,捽
%bc%d8,槭
%d5%41,崒
%a8%ac,足
%b9%be,嗾
%a8%f2,卒
%b1%da,族
%c3%eb,鏃
%aa%fd,阻
%b6%41,詛
%af%aa,祖
%ab%5b,俎
%b2%d5,組
%bc%c6,數
%e8%ca,駔
%b2%ca,粗
%f9%d2,麤
%cf%65,殂
%cc%75,徂
%bd%ec,趣
%e7%54,蔟
%be%4c,醋
%c3%e0,蹴
%e7%fe,踧
%a8%f2,卒
%c2%d9,蹙
%f5%50,顣
%c3%eb,鏃
%ab%50,促
%d6%60,猝
%c1%4c,簇
%c4%ac,蘇
%bd%ad,蔬
%b5%64,甦
%b6%70,酥
%b2%a8,疏
%c5%c8,囌
%bf%71,穌
%ab%55,俗
%af%c0,素
%b3%74,速
%bd%b6,蓿
%e7%5c,蔌
%b5%c2,肅
%dd%68,愫
%f8%65,鷫
%bc%c6,數
%b5%af,粟
%b6%e8,嗉
%a6%67,夙
%e3%a5,膆
%f7%7b,驌
%b6%44,訴
%ee%a2,謖
%b1%4a,宿
%df%42,窣
%b7%b9,溯
%b6%ec,塑
%e1%c2,愬
%e8%c4,餗
%c1%50,簌
%e4%48,觫
%c1%59,縮
%ab%f5,挖
%b5%ec,蛙
%bd%bd,蝸
%ab%7a,哇
%a9%4b,呱
%ba%da,窪
%b4%45,媧
%ab%bd,娃
%a5%cb,瓦
%a5%57,凹
%dc%da,嗢
%e3%a6,膃
%c4%fb,襪
%ac%41,括
%d1%eb,栝
%bd%bd,蝸
%b5%c1,聒
%be%68,颳
%a5%ca,瓜
%d3%ec,适
%a8%ed,刮
%d4%6c,剮
%b9%e8,寡
%b1%be,掛
%a8%f6,卦
%d6%f1,罣
%bb%6f,褂
%a6%6a,夸
%b8%d8,誇
%ce%66,姱
%ab%b1,垮
%cb%ba,侉
%b8%f3,跨
%af%e3,胯
%ec%6d,骻
%aa%e1,花
%b5%d8,華
%f0%b6,蘤
%bc%4d,嘩
%f7%7e,驊
%c3%cf,譁
%c1%c5,豁
%b7%c6,滑
%a6%45,划
%b7%e2,猾
%be%ec,樺
%b5%65,畫
%b9%ba,劃
%bd%ef,踝
%b8%dc,話
%a4%c6,化
%be%e2,撾
%a7%ec,抓
%a4%f6,爪
%d9%db,欻
%a8%ea,刷
%ad%41,耍
%a8%ea,刷
%b8%b1,萵
%b0%da,啊
%ba%db,窩
%b4%f5,渦
%ad%d8,倭
%a7%da,我
%b4%a4,握
%ba%57,斡
%c6%53,齷
%d8%f2,幄
%b3%e1,喔
%aa%d7,臥
%b4%ec,渥
%a8%55,沃
%ce%47,哆
%a6%68,多
%d5%73,掇
%b9%dc,奪
%d0%ea,剟
%d9%74,敪
%e4%40,裰
%c5%4d,鐸
%b8%fa,躲
%d8%a6,埵
%a6%b7,朵
%cf%4f,柮
%ce%fb,柁
%b4%6b,惰
%bc%5a,墮
%a8%ef,剁
%a9%46,咄
%b8%f6,跺
%bf%e2,踱
%b9%a4,馱
%ab%d7,度
%b2%eb,舵
%a6%ab,托
%a9%ec,拖
%a8%65,牠
%b2%e6,脫
%b0%55,託
%a5%a6,它
%a5%4c,他
%a6%ef,佗
%e9%d1,橐
%ce%fb,柁
%cc%40,坨
%dc%5d,酡
%aa%fb,陀
%f9%65,鼉
%b6%59,跎
%be%6d,駝
%b9%a4,馱
%aa%62,沱
%c0%6b,鴕
%ec%73,鮀
%d6%e3,紽
%be%f2,橢
%a7%b4,妥
%a9%dd,拓
%ac%6c,柝
%f4%bd,蘀
%b3%e8,唾
%f6%fb,籜
%ae%bf,挪
%d1%bd,挼
%d5%7b,捼
%a8%ba,那
%f5%c0,儺
%ae%52,娜
%dd%ab,搦
%c0%b6,懦
%c4%7a,糯
%bf%d5,諾
%d1%bb,捋
%f7%e2,欏
%c5%da,蘿
%c1%b3,螺
%c5%6f,囉
%c3%b9,羅
%c5%de,邏
%df%a2,腡
%c5%5b,騾
%c6%72,鑼
%c4%d8,儸
%c6%59,籮
%be%db,擄
%e3%cc,蓏
%b8%b8,虜
%ea%73,瘰
%bb%72,裸
%b8%a8,落
%af%5f,珞
%b9%54,酪
%f7%60,躒
%c0%64,駱
%ac%a5,洛
%ba%ba,犖
%af%4f,烙
%bb%dc,雒
%b5%b8,絡
%c1%b4,蟈
%e1%4f,嘓
%b3%a2,郭
%c1%e7,鍋
%ba%51,摑
%b0%ea,國
%ef%55,馘
%e7%7e,虢
%bc%cd,槨
%aa%47,果
%b9%f6,幗
%e3%e2,蜾
%bb%71,裹
%b9%4c,過
%ac%41,括
%c2%58,擴
%c1%ef,闊
%b9%f8,廓
%d3%ec,适
%c1%c5,豁
%ac%a1,活
%b9%d9,夥
%dc%64,鈥
%a4%f5,火
%a5%eb,伙
%cf%f1,砉
%f2%45,攉
%f4%b9,藿
%c0%a4,壑
%f4%c9,蠖
%c0%4e,霍
%ec%c4,嚄
%f5%e0,矐
%f1%74,雘
%f3%be,騞
%da%46,湱
%c0%e2,濩
%ba%d7,禍
%a9%ce,或
%b4%62,惑
%f7%69,鑊
%a9%4d,和
%c3%ac,穫
%b3%66,貨
%f2%7c,矱
%ae%bb,捉
%b4%cd,棹
%ae%e0,桌
%b2%67,涿
%c0%c2,擢
%a9%e5,拙
%d5%bf,梲
%ad%5f,茁
%b5%db,著
%d9%7c,斮
%a8%f4,卓
%b5%5a,琢
%ac%48,斫
%b0%75,酌
%b0%d6,啄
%e8%40,踔
%f9%5f,鸐
%e7%d8,諑
%c0%de,濯
%bf%42,濁
%c5%4e,鐲
%e5%c1,斲
%d0%d3,倬
%a8%60,灼
%c2%57,戳
%e6%af,瘥
%bd%f9,輟
%c5%c6,齪
%d5%5b,惙
%e8%5d,醊
%b0%e3,啜
%d4%d8,婥
%ba%ef,綽
%bb%a1,說
%d1%bd,挼
%ad%59,若
%e3%c0,蒻
%f2%6b,爇
%b0%b4,偌
%e6%d9,箬
%e5%44,嘬
%ac%51,昨
%a5%aa,左
%a6%f5,佐
%ac%67,柞
%a7%a4,坐
%c6%77,鑿
%cc%a9,怍
%dc%60,酢
%cd%da,阼
%d0%5f,胙
%ae%79,座
%af%ae,祚
%a7%40,作
%b0%b5,做
%d0%b5,迮
%b7%62,搓
%bc%bc,撮
%bd%52,磋
%c1%ce,蹉
%ae%74,差
%d5%6a,捽
%b7%44,嵯
%da%c4,矬
%e2%cf,瑳
%d7%4c,脞
%ae%c0,挫
%b1%b9,措
%cd%f1,剉
%ad%ed,厝
%be%56,銼
%bf%f9,錯
%b1%f4,梭
%d5%c4,桫
%bb%62,蓑
%b2%ef,莎
%b6%db,嗦
%ad%f6,唆
%d5%66,挲
%ae%50,娑
%bf%75,簑
%c1%59,縮
%af%c1,索
%e6%a8,璅
%ba%be,瑣
%dc%d4,嗩
%c2%ea,鎖
%a9%d2,所
%a8%c7,些
%ac%6e,歪
%af%e6,舀
%a5%7e,外
%a8%c4,乖
%a9%e4,拐
%ac%62,枴
%a9%c7,怪
%d8%7b,喎
%ce%4a,咼
%e3%c7,蒯
%af%e6,舀
%c0%cc,檜
%b6%f4,塊
%a7%d6,快
%e9%44,噲
%c1%7a,膾
%e9%f8,澮
%b7%7c,會
%bc%44,劊
%eb%d7,鄶
%bb%fb,儈
%ea%61,獪
%b8%5f,筷
%f8%db,鱠
%ba%69,槐
%c3%68,懷
%ca%e4,怀
%bd%ef,踝
%b2%61,淮
%ab%de,徊
%c3%61,壞
%e0%6d,跩
%ab%fb,拽
%dd%b6,搋
%e7%44,膗
%b4%a2,揣
%e5%44,嘬
%bf%e5,踹
%ba%4c,摔
%b0%49,衰
%a5%cf,甩
%c1%ac,蟀
%bf%e5,踹
%b2%76,率
%ab%d3,帥
%df%bb,葳
%b5%e4,萎
%dc%7e,隈
%ab%c2,威
%b6%6a,逶
%b0%b9,偎
%b7%db,煨
%ae%e9,桅
%a6%66,圩
%c1%a8,薇
%dd%52,嵬
%c4%de,巍
%b4%51,崴
%ad%b3,韋
%b9%48,違
%b1%a9,惟
%b4%57,幃
%b1%63,帷
%b0%df,唯
%b3%f2,圍
%c1%f2,闈
%ac%b0,為
%b7%4c,微
%a6%4d,危
%ba%fb,維
%b8%ab,葦
%f6%71,韡
%de%b3,瑋
%e0%d4,隗
%f1%a4,韙
%e0%e9,骫
%a7%c0,尾
%f6%d6,亹
%bd%d3,諉
%b7%f5,痿
%ac%a8,洧
%a9%65,委
%b0%b6,偉
%ad%d8,倭
%b5%54,猥
%de%6d,煒
%c2%43,鮪
%ae%55,娓
%bd%6e,緯
%a5%bc,未
%bd%ab,蔚
%bf%f2,遺
%e7%b3,蝟
%a8%fd,味
%b3%de,喂
%ac%c8,畏
%ad%47,胃
%bc%a2,慰
%b1%4c,尉
%bf%d7,謂
%c1%fd,餵
%ec%5e,餧
%c2%a9,穢
%c3%51,魏
%a6%ec,位
%b0%b0,偽
%bd%c3,衛
%b0%ef,堆
%ef%c8,懟
%b9%ef,對
%b8%50,碓
%b6%a4,隊
%e9%76,憝
%f2%f7,譈
%a7%49,兌
%b1%c0,推
%e8%aa,隤
%c0%5a,頹
%f1%c2,魋
%bb%4c,腿
%b8%c0,蛻
%b0%68,退
%a6%63,圭
%b3%57,規
%af%5e,珪
%ba%c0,瑰
%d6%ba,硅
%bb%d3,閨
%c2%6b,歸
%ac%d4,皈
%c0%74,龜
%c2%44,鮭
%d8%b5,媯
%ad%79,軌
%ce%56,垝
%ac%d1,癸
%b4%be,晷
%d4%6f,匭
%b8%de,詭
%c9%73,宄
%b0%ad,鬼
%ed%c2,簋
%ce%69,姽
%ae%db,桂
%cf%40,柜
%c2%64,櫃
%c0%cc,檜
%e4%f3,劌
%b6%51,貴
%b8%f7,跪
%ed%7e,瞶
%b9%bc,匱
%bc%44,劊
%c5%ed,鱖
%cb%d1,刲
%b2%af,盔
%f5%c9,巋
%c1%ab,虧
%f3%77,闚
%bf%73,窺
%b4%7d,揆
%b6%66,逵
%ab%b6,奎
%b8%aa,葵
%c4%dc,夔
%dd%c0,暌
%ba%cc,睽
%d8%50,馗
%bb%ed,魁
%e0%69,跬
%b3%c8,傀
%eb%44,蕢
%b7%5c,愧
%e5%a6,憒
%f0%7c,聵
%b3%e7,喟
%ed%7e,瞶
%b9%bc,匱
%bc%ec,潰
%c3%4a,餽
%f5%58,饋
%c2%6b,歸
%c2%b1,簣
%dc%fb,媿
%b4%a7,揮
%d9%5a,撝
%a6%c7,灰
%ab%ec,恢
%bd%f7,輝
%f1%6f,隳
%bc%5a,墮
%b7%75,暉
%e6%f8,翬
%b8%d9,詼
%be%a3,麾
%e7%c7,褘
%c0%b2,徽
%de%6b,煇
%af%f5,茴
%b5%ee,蛔
%d3%ca,蚘
%a6%5e,回
%b0%6a,迴
%cf%77,洄
%ab%de,徊
%a6%e4,虫
%ae%ac,悔
%ad%6b,虺
%b7%b4,毀
%c0%ec,燬
%a5%63,卉
%b1%6b,彗
%b4%66,惠
%bc%7a,慧
%d1%7d,恚
%ee%50,薈
%bf%b7,蕙
%b7%4a,彙
%f0%c0,蟪
%b3%f1,喙
%e1%4a,嘒
%b1%e2,晦
%b8%ec,賄
%b6%d7,匯
%f5%46,闠
%bf%d0,諱
%bb%a3,誨
%b7%7c,會
%c2%a9,穢
%c0%ed,燴
%ed%bc,篲
%c3%b8,繪
%f0%72,繢
%b4%d5,椎
%f1%b6,騅
%c0%40,錐
%b0%6c,追
%ab%41,隹
%c2%d8,贅
%b4%6d,惴
%bc%59,墜
%ba%f3,綴
%ea%d8,縋
%a7%6a,吹
%aa%a4,炊
%b4%a8,捶
%dd%b4,搥
%dd%de,棰
%b4%d5,椎
%ba%6c,槌
%b6%ab,陲
%c1%e8,錘
%c2%f1,鎚
%ab%ab,垂
%bd%69,箠
%bd%d6,誰
%a4%f4,水
%d1%74,帨
%b8%c0,蛻
%ba%ce,睡
%bb%a1,說
%b5%7c,稅
%eb%42,蕤
%e3%6f,緌
%d5%bd,桵
%bf%b6,蕊
%cc%d9,枘
%cd%ba,芮
%ba%cd,睿
%e8%fb,叡
%d3%c2,蚋
%b7%e7,瑞
%cb%55,汭
%be%55,銳
%b0%ef,堆
%d5%af,朘
%bc%4c,嘴
%ec%fc,檇
%bf%bf,蕞
%be%4b,醉
%b3%cc,最
%d9%a2,晬
%b8%6f,罪
%ba%52,摧
%b1%5a,崔
%b6%ca,催
%ea%ce,縗
%bd%41,璀
%be%f5,橇
%b5%d1,萃
%b1%7c,悴
%ba%e9,粹
%d4%75,啐
%ea%ec,膵
%af%dc,脆
%bb%41,翠
%b7%f1,瘁
%b2%66,淬
%d9%e5,毳
%d0%c9,倅
%da%58,焠
%e3%63,綷
%d7%68,荽
%c1%f6,雖
%b8%46,睢
%b8%6b,綏
%b6%a6,隋
%c0%48,隨
%c5%e8,髓
%af%a9,祟
%b7%b3,歲
%b8%48,碎
%c0%47,隧
%de%d9,睟
%bd%d9,誶
%c2%e3,邃
%b9%45,遂
%c1%4a,穗
%c0%e6,燧
%f0%6e,繐
%bb%64,蜿
%bd%dc,豌
%ad%e6,剜
%c6%57,灣
%c5%73,彎
%cb%a3,芄
%c9%bd,刓
%b9%78,頑
%e6%f6,翫
%a7%b9,完
%a6%c5,汍
%a4%59,丸
%d0%4b,紈
%ae%be,挽
%bb%b5,輓
%b2%f0,莞
%da%7b,琬
%b8%4a,碗
%b1%df,晚
%de%c4,畹
%d7%45,脘
%a9%7b,宛
%d2%46,浣
%b5%70,皖
%b0%fb,婉
%ae%59,娩
%ba%ed,綰
%b8%55,萬
%bd%af,蔓
%b1%7b,惋
%c9%45,万
%aa%b1,玩
%b5%c3,腕
%c9%c3,卍
%ba%dd,端
%b5%75,短
%c2%5f,斷
%c1%eb,鍛
%ac%71,段
%bd%76,緞
%b4%f8,湍
%eb%b2,貒
%e1%de,摶
%e1%c6,慱
%c4%7b,糰
%b9%ce,團
%ce%bd,彖
%b7%78,暖
%b7%dc,煖
%c5%70,孿
%c5%cb,攣
%c5%72,巒
%c6%71,鑾
%f9%43,臠
%c6%7d,鸞
%a7%5a,卵
%f6%dc,孌
%b6%c3,亂
%b4%c3,棺
%b2%f0,莞
%c6%5b,觀
%ac%e1,矜
%c3%f6,關
%e6%b2,瘝
%a9%78,官
%ab%61,冠
%ad%be,倌
%c5%60,鰥
%ba%fa,綸
%ba%57,斡
%d7%45,脘
%c0%5d,館
%ba%de,管
%e1%e8,摜
%c6%7c,鸛
%ba%44,慣
%c9%60,毌
%b3%65,貫
%c4%e9,灌
%f9%75,鑵
%bf%64,盥
%c5%f8,罐
%bc%65,寬
%b4%da,款
%ed%b7,窾
%c5%77,歡
%f5%cc,懽
%f9%c2,驩
%f9%4e,讙
%ae%d9,桓
%c0%f4,環
%e9%47,圜
%c1%d9,還
%f8%55,鬟
%f6%6c,闤
%be%c8,寰
%ac%a7,洹
%f6%60,鐶
%c1%ec,鍰
%e9%53,嬛
%f2%b4,繯
%e9%eb,澣
%d2%46,浣
%bd%77,緩
%b4%ab,換
%f4%de,轘
%b8%e6,豢
%b1%77,患
%b3%ea,喚
%ba%c8,瘓
%ab%c6,宦
%dc%4d,逭
%e2%a1,漶
%b5%41,渙
%b7%d8,煥
%ab%b7,奐
%a4%db,幻
%b1%4d,專
%ad%42,耑
%c3%46,顓
%bf%6a,磚
%e7%40,膞
%c2%e0,轉
%a8%f7,卷
%c4%da,囀
%bc%b6,撰
%c2%e0,轉
%b0%e9,圈
%c1%c8,賺
%f2%fc,譔
%f5%57,饌
%b6%c7,傳
%bd%66,篆
%ea%bf,篹
%a4%74,川
%ac%ef,穿
%dd%dc,椽
%e0%a1,遄
%b6%c7,傳
%b2%ee,船
%b3%dd,喘
%a6%df,舛
%a6%ea,串
%b3%a9,釧
%ac%43,拴
%ae%ea,栓
%ad%ac,閂
%bf%e5,踹
%bf%dc,諼
%b2%52,涮
%e5%b5,撋
%ec%ca,壖
%b3%6e,軟
%c4%af,蠕
%e7%ab,蝡
%d0%52,耎
%a8%bf,阮
%f9%70,躦
%c6%70,鑽
%c4%a1,纂
%f9%40,纘
%f7%dd,攥
%d9%65,揝
%c1%c8,賺
%c4%a1,纂
%f5%cd,攛
%f9%4f,躥
%c9%f8,汆
%f6%e3,攢
%c2%ab,竄
%c6%79,爨
%bf%79,篡
%bb%c4,酸
%b5%6d,痠
%d2%a9,狻
%bb%5b,蒜
%df%48,筭
%ba%e2,算
%bd%45,瘟
%b7%c5,溫
%b0%41,蚊
%b6%b2,雯
%bb%44,聞
%a4%e5,文
%a8%5a,汶
%af%be,紋
%a7%6b,吻
%c3%ad,穩
%a6%46,刎
%dd%af,搵
%a7%ee,抆
%bb%44,聞
%b0%dd,問
%af%bf,紊
%bc%5b,墩
%b1%ac,惇
%c3%db,蹲
%b4%b0,敦
%c4%bb,躉
%ac%da,盹
%b9%79,頓
%be%b7,噸
%a7%79,囤
%e8%51,遯
%a8%50,沌
%b6%77,鈍
%ac%de,盾
%b9%50,遁
%bf%4c,燉
%d4%74,啍
%e9%b4,暾
%a7%5d,吞
%a4%d9,屯
%a7%79,囤
%b3%62,豚
%c1%76,臀
%b6%bb,飩
%c9%f8,汆
%bf%c6,褪
%b9%e0,嫩
%b1%c1,掄
%bd%fc,輪
%b1%5b,崙
%d4%ac,圇
%b2%5f,淪
%ad%db,倫
%f5%db,爚
%ba%fa,綸
%bd%d7,論
%c3%58,鯀
%e3%6c,緄
%b4%d2,棍
%a9%5b,坤
%b1%58,崑
%b5%62,琨
%a9%f8,昆
%b9%a6,髡
%e7%c3,褌
%b5%4f,焜
%f3%cb,鯤
%ae%b9,捆
%b1%ee,梱
%dc%f2,壼
%d1%a8,悃
%e8%a7,閫
%b8%69,綑
%a7%78,困
%b5%74,睏
%b8%a7,葷
%d5%5f,惛
%ec%4e,閽
%a9%fc,昏
%b1%42,婚
%bb%ee,魂
%b4%fd,渾
%c0%5f,餛
%d1%49,圂
%e1%c4,慁
%eb%a1,諢
%de%54,溷
%b2%56,混
%a4%d9,屯
%cd%cf,迍
%aa%d2,肫
%bd%ce,諄
%cf%fe,窀
%b7%c7,準
%ad%e3,准
%d4%47,隼
%af%c2,純
%dd%cf,椿
%ac%4b,春
%a4%d9,屯
%e7%5d,蓴
%be%4a,醇
%ae%42,唇
%b2%e5,脣
%c4%4c,鶉
%b2%45,淳
%af%c2,純
%dd%65,惷
%c4%f8,蠢
%dd%e3,楯
%a7%6d,吮
%ac%de,盾
%b6%b6,順
%c0%fe,瞬
%b5%cf,舜
%b6%7c,閏
%bc%ed,潤
%be%ea,樽
%b4%4c,尊
%bf%ed,遵
%f4%eb,鐏
%bc%c1,撙
%a6%60,圳
%ab%54,俊
%f8%57,鱒
%a7%f8,村
%b5%72,皴
%a6%73,存
%c3%db,蹲
%a6%a4,忖
%a4%6f,寸
%dd%bb,搎
%bb%5e,蓀
%ae%5d,孫
%de%ac,猻
%b6%b8,飧
%b7%6c,損
%ba%67,榫
%b5%ab,筍
%bb%b9,遜
%ae%5d,孫
%b4%53,巽
%ca%bf,尪
%a8%4c,汪
%a4%fd,王
%a4%60,亡
%aa%50,枉
%b1%a6,惘
%ca%49,网
%aa%c9,罔
%c3%53,魍
%a9%b9,往
%ba%f4,網
%a9%f4,旺
%b1%e6,望
%a7%d1,忘
%a6%6b,妄
%d1%e9,桄
%a5%fa,光
%af%d6,胱
%e4%b4,銧
%bc%73,廣
%f1%4b,鄺
%c2%78,獷
%b3%7d,逛
%ce%c6,恇
%a6%4a,匡
%a8%f1,劻
%e0%46,誆
%b5%a8,筐
%bb%a5,誑
%a8%67,狂
%ae%d8,框
%c2%52,壙
%c4%71,礦
%c3%6d,曠
%b2%b5,眶
%db%e8,貺
%f1%4b,鄺
%aa%70,況
%da%ef,絖
%f5%e7,纊
%af%ee,荒
%b7%57,慌
%a8%77,肓
%b6%c0,黃
%b4%71,惶
%bd%c0,蝗
%f0%c1,蟥
%bf%58,璜
%c1%44,磺
%b6%aa,隍
%d8%74,喤
%b0%c4,凰
%e6%43,潢
%ee%da,鍠
%ac%d3,皇
%b9%4e,遑
%b4%61,徨
%b7%d7,煌
%bd%68,篁
%c2%ae,簧
%f5%76,鰉
%ab%e9,恍
%b7%45,幌
%ae%cc,晃
%c1%c0,謊
%bc%ce,樁
%b2%f8,莊
%b8%cb,裝
%a7%a9,妝
%d0%46,籹
%c9%dc,庄
%ae%4e,奘
%bc%b2,撞
%a7%a7,壯
%aa%ac,狀
%f9%ba,戇
%bd%48,瘡
%b5%a1,窗
%b3%d0,創
%bc%b2,撞
%a7%c9,床
%bc%6c,幢
%c2%f4,闖
%b7%5b,愴
%cb%d4,刱
%b3%d0,創
%c1%f7,霜
%c2%f9,雙
%c4%5c,孀
%b9%d7,塽
%b2%6e,爽
%b6%e4,嗡
%af%ce,翁
%bb%63,蓊
%de%5b,滃
%f2%b9,罋
%c2%7c,甕
%cf%d8,瓮
%f8%ea,齆
%a8%b1,迂
%b7%ef,瘀
%b2%4a,淤
%ac%fa,紆
%d9%67,揄
%ca%fd,杅
%b7%ae,榆
%a6%66,圩
%b5%e3,萸
%b8%b7,虞
%d8%e1,嵎
%f8%ec,齵
%b4%72,愉
%a4%5f,于
%aa%bb,盂
%b7%ec,瑜
%f0%42,璵
%b3%b8,雩
%a4%a9,予
%dc%a2,隃
%b6%a8,隅
%d8%71,喁
%eb%c6,踰
%ac%eb,禺
%b7%4d,愚
%b5%cd,腴
%bd%db,諛
%a9%f3,於
%e3%4c,窬
%b4%fc,渝
%ba%ae,漁
%ab%5c,俞
%a7%45,余
%da%ae,畬
%b9%4f,逾
%be%6c,餘
%bf%cc,覦
%de%40,毹
%dd%f9,歈
%c1%d6,輿
%c2%6a,歟
%aa%d8,臾
%b3%bd,魚
%ac%f2,竽
%ae%54,娛
%c9%4f,与
%c0%ac,嶼
%c5%c5,齬
%ab%42,雨
%a4%a9,予
%b0%eb,圉
%ae%46,圄
%a6%d0,羽
%bb%79,語
%b1%68,庾
%de%cf,瘐
%a6%74,宇
%e6%d5,窳
%ac%ea,禹
%bb%50,與
%dc%ba,傴
%c6%7b,鬱
%a9%ed,拗
%b0%ec,域
%ad%a7,郁
%a8%a1,芋
%ee%40,蕷
%ae%6e,峪
%a6%d6,聿
%e3%da,蜮
%a5%c9,玉
%da%c3,矞
%ec%4f,隩
%bf%dd,豫
%f8%66,鷸
%b9%77,預
%b3%eb,喻
%ac%52,昱
%b9%4a,遇
%f7%a7,鬻
%b6%bf,馭
%ec%48,閾
%b1%4c,尉
%a8%7c,育
%bf%d9,諭
%ba%c7,瘉
%c2%a1,癒
%b4%4a,寓
%af%44,浴
%cb%53,汩
%bf%44,澳
%b8%ce,裕
%bc%a4,慾
%f1%d9,鵒
%b1%fd,欲
%ab%5c,俞
%b7%55,愈
%e0%b1,鈺
%dc%ae,飫
%c5%41,譽
%bf%6d,禦
%b1%73,御
%ba%bb,獄
%b7%d4,煜
%c0%ee,燠
%c6%7e,籲
%b7%b6,毓
%b9%e1,嫗
%a4%6b,女
%d7%fd,釹
%d1%7e,恧
%d3%d0,衄
%c6%6a,驢
%ab%51,侶
%a7%66,呂
%b9%f0,屢
%ae%c8,旅
%d5%cd,梠
%c1%5c,縷
%bb%4d,膂
%be%54,鋁
%d8%e9,嵂
%ab%df,律
%bc%7b,慮
%b4%e2,氯
%c2%6f,濾
%b2%76,率
%ba%f1,綠
%df%d0,葎
%f8%4a,鑢
%a4%ea,曰
%ac%f9,約
%b0%63,軏
%b6%56,越
%c3%c4,藥
%df%d3,葯
%c0%ae,嶽
%ae%ae,悅
%c5%44,躍
%a4%eb,月
%a6%47,刖
%be%5c,閱
%bb%a1,說
%f4%65,瀹
%ef%b6,龠
%c6%5f,鑰
%e0%b5,鉞
%a9%a8,岳
%b8%66,粵
%c5%d4,籥
%bc%d6,樂
%ad%68,虐
%eb%a6,謔
%ba%c4,瘧
%b1%b0,掠
%b2%a4,略
%e5%b1,撅
%b6%d8,嗟
%e4%fe,噘
%b1%b8,掘
%a7%e0,抉
%c5%cc,攫
%e9%c8,橛
%bf%b9,蕨
%b1%55,崛
%aa%b2,玨
%cd%69,玦
%a4%6e,孓
%c4%5a,嚼
%be%bb,噱
%f3%54,蹻
%c3%dd,蹶
%d7%d8,趹
%f4%77,矍
%b8%7d,腳
%b3%d6,厥
%b9%bb,劂
%c3%d4,譎
%b3%5a,訣
%a8%4d,決
%f4%f2,鐍
%c0%ef,爵
%c4%b1,覺
%ad%cf,倔
%bc%fb,獗
%f5%da,爝
%a8%a4,角
%c5%ed,鱖
%b5%b4,絕
%c2%f6,闕
%af%ca,缺
%bf%61,瘸
%dd%7c,搉
%ba%65,榷
%ab%6f,卻
%d1%4f,埆
%b4%df,殼
%c4%4e,鵲
%b3%b6,雀
%ab%f1,恪
%a9%c4,怯
%bd%54,確
%da%cc,确
%c1%f0,闋
%c2%f6,闕
%f0%5b,礐
%c1%a7,薛
%b9%75,靴
%be%bb,噱
%e4%60,踅
%b4%4d,尋
%be%c7,學
%f8%e6,鷽
%b3%b7,雪
%f7%ab,鱈
%ab%64,削
%a5%de,穴
%a6%e5,血
%ad%de,冤
%b2%57,淵
%bb%f0,鳶
%d2%d7,眢
%c0%70,鴛
%b4%a9,援
%c1%d5,轅
%b0%4b,袁
%ab%ae,垣
%cd%b4,芫
%a4%b8,元
%ef%b1,黿
%ad%fb,員
%b6%e9,園
%b6%ea,圓
%e9%47,圜
%ad%ec,原
%b7%bd,源
%a8%4a,沅
%b5%45,湲
%ac%b8,爰
%b7%e1,猿
%ea%c0,篔
%bd%74,緣
%bb%b7,遠
%d9%64,掾
%ad%62,苑
%b0%7c,院
%ba%40,愿
%c4%40,願
%ab%e8,怨
%b4%44,媛
%bd%74,緣
%b7%77,暈
%ba%72,氳
%af%d0,耘
%aa%e5,芸
%ea%fc,蕓
%a4%aa,云
%b6%b3,雲
%cf%da,畇
%a4%c3,勻
%b8%61,筠
%af%c6,紜
%e2%66,殞
%b9%6b,隕
%a4%b9,允
%a7%a1,均
%c4%ad,蘊
%d9%40,惲
%b7%59,慍
%f3%a5,韞
%c1%df,醞
%a5%a5,孕
%bc%f7,熨
%c3%fd,韻
%b9%42,運
%dc%50,鄆
%ea%d5,縕
